OverallCond,latest_contruction,TotalBsmtSF,GrLivArea,GarageArea,SalePrice,indicator
5,2003,856.0,1710,548.0,208500.0,1
8,1976,1262.0,1262,460.0,181500.0,1
5,2002,920.0,1786,608.0,223500.0,1
5,1970,756.0,1717,642.0,140000.0,1
5,2000,1145.0,2198,836.0,250000.0,1
5,1995,796.0,1362,480.0,143000.0,1
5,2005,1686.0,1694,636.0,307000.0,1
6,1973,1107.0,2090,484.0,200000.0,1
5,1950,952.0,1774,468.0,129900.0,1
6,1950,991.0,1077,205.0,118000.0,1
5,1965,1040.0,1040,384.0,129500.0,1
5,2006,1175.0,2324,736.0,345000.0,1
6,1962,912.0,912,352.0,144000.0,1
5,2007,1494.0,1494,840.0,279500.0,1
5,1960,1253.0,1253,352.0,157000.0,1
8,2001,832.0,854,576.0,132000.0,1
7,1970,1004.0,1004,480.0,149000.0,1
5,1967,0.0,1296,516.0,90000.0,1
5,2004,1114.0,1114,576.0,159000.0,1
6,1965,1029.0,1339,294.0,139000.0,1
5,2006,1158.0,2376,853.0,325300.0,1
7,1950,637.0,1108,280.0,139400.0,1
5,2002,1777.0,1795,534.0,230000.0,1
7,1976,1040.0,1060,572.0,129900.0,1
8,2001,1060.0,1060,270.0,154000.0,1
5,2007,1566.0,1600,890.0,256300.0,1
7,2000,900.0,900,576.0,134800.0,1
5,2008,1704.0,1704,772.0,306000.0,1
6,1997,1484.0,1600,319.0,207500.0,1
6,1950,520.0,520,240.0,68500.0,1
4,1950,649.0,1317,250.0,40000.0,1
6,2006,1228.0,1228,271.0,149350.0,1
5,2007,1234.0,1234,484.0,179900.0,1
5,1959,1398.0,1700,447.0,165500.0,1
5,2005,1561.0,1561,556.0,277500.0,1
5,2005,1117.0,2452,691.0,309000.0,1
5,1995,1097.0,1097,672.0,145000.0,1
6,1990,1297.0,1297,498.0,153000.0,1
7,2007,1057.0,1057,246.0,109000.0,1
5,1955,0.0,1152,0.0,82000.0,1
5,1965,1088.0,1324,440.0,160000.0,1
6,1959,1350.0,1328,308.0,170000.0,1
7,1983,840.0,884,504.0,144000.0,1
6,1980,938.0,938,308.0,130250.0,1
6,1959,1150.0,1150,300.0,141000.0,1
5,2005,1752.0,1752,576.0,319900.0,1
5,2003,1434.0,2149,670.0,239686.0,1
5,2006,1656.0,1656,826.0,249700.0,1
5,2008,736.0,1452,0.0,113000.0,1
7,1966,955.0,955,386.0,127000.0,1
6,1997,794.0,1470,388.0,177000.0,1
6,1950,816.0,1176,528.0,114500.0,1
5,1963,816.0,816,516.0,110000.0,1
5,1987,1842.0,1842,894.0,385000.0,1
5,1955,384.0,1360,572.0,130000.0,1
5,1964,1425.0,1425,576.0,180500.0,1
5,2000,970.0,1739,480.0,172500.0,1
5,2004,860.0,1720,565.0,196500.0,1
5,2006,1410.0,2945,641.0,438780.0,1
7,1972,780.0,780,352.0,124900.0,1
5,2004,1158.0,1158,576.0,158000.0,1
7,1996,530.0,1111,288.0,101000.0,1
5,2006,1370.0,1370,484.0,202500.0,1
6,1950,576.0,1710,480.0,140000.0,1
5,1998,1057.0,2034,645.0,219500.0,1
5,2005,1143.0,2473,852.0,317000.0,1
5,1989,1947.0,2207,576.0,180000.0,1
5,2003,1453.0,1479,558.0,226000.0,1
6,1950,747.0,747,220.0,80000.0,1
4,1953,1304.0,2287,667.0,225000.0,1
6,1973,2223.0,2223,516.0,244000.0,1
6,2006,845.0,845,360.0,129500.0,1
5,1998,832.0,1718,427.0,185000.0,1
7,2003,1086.0,1086,490.0,144900.0,1
6,1950,840.0,1605,379.0,107400.0,1
5,1973,462.0,988,297.0,91000.0,1
7,1956,952.0,952,283.0,135750.0,1
5,2001,672.0,1285,240.0,127000.0,1
5,1968,1768.0,1768,0.0,136500.0,1
6,1981,440.0,1230,440.0,110000.0,1
6,1968,896.0,2142,509.0,193500.0,1
5,1998,1237.0,1337,405.0,153500.0,1
5,2007,1563.0,1563,758.0,245000.0,1
5,1960,1065.0,1065,461.0,126500.0,1
5,1996,384.0,1474,400.0,168500.0,1
5,1992,1288.0,2417,462.0,260000.0,1
5,2005,684.0,1560,400.0,174000.0,1
5,2009,612.0,1224,528.0,164500.0,1
2,1982,1013.0,1526,0.0,85000.0,1
5,1995,990.0,990,0.0,123600.0,1
5,1950,0.0,1040,420.0,109900.0,1
3,1961,1235.0,1235,480.0,98600.0,1
7,2006,876.0,964,432.0,163500.0,1
6,1998,1214.0,2291,506.0,133900.0,1
5,1997,824.0,1786,684.0,204750.0,1
8,1993,680.0,1470,420.0,185000.0,1
5,1999,1588.0,1588,472.0,214000.0,1
5,1965,960.0,960,432.0,94750.0,1
5,1950,458.0,835,366.0,83000.0,1
5,1959,950.0,1225,0.0,128950.0,1
7,2001,1610.0,1610,480.0,205000.0,1
5,1985,741.0,1732,476.0,178000.0,1
5,1979,0.0,1535,410.0,118964.0,1
5,2009,1226.0,1226,740.0,198900.0,1
4,1950,1040.0,1818,240.0,169500.0,1
5,2004,1053.0,1992,648.0,250000.0,1
7,1995,641.0,1047,273.0,100000.0,1
5,1950,789.0,789,250.0,115000.0,1
7,2005,793.0,1517,0.0,115000.0,1
6,1977,1844.0,1844,546.0,190000.0,1
4,1972,994.0,1855,325.0,136900.0,1
5,2000,384.0,1430,400.0,180000.0,1
5,2007,1264.0,2696,792.0,383970.0,1
5,1953,1809.0,2259,450.0,217000.0,1
8,2002,1028.0,2320,180.0,259500.0,1
5,1999,729.0,1458,440.0,176000.0,1
5,1962,1092.0,1092,288.0,139000.0,1
5,2007,1125.0,1125,430.0,155000.0,1
5,1990,1673.0,3222,594.0,320000.0,1
5,2006,728.0,1456,390.0,163990.0,1
5,1969,938.0,988,540.0,180000.0,1
5,1950,732.0,1123,264.0,100000.0,1
7,1958,1080.0,1080,288.0,136000.0,1
5,1993,1199.0,1199,530.0,153900.0,1
5,1998,1362.0,1586,435.0,181000.0,1
8,1982,520.0,754,0.0,84500.0,1
5,1976,1078.0,958,440.0,128000.0,1
7,1950,672.0,840,0.0,87000.0,1
5,1966,660.0,1348,453.0,155000.0,1
7,1991,1008.0,1053,750.0,150000.0,1
6,1966,924.0,2157,487.0,226000.0,1
5,2000,992.0,2054,390.0,244000.0,1
6,2002,1063.0,1327,624.0,150750.0,1
5,2002,1267.0,1296,471.0,220000.0,1
6,1993,1461.0,1721,440.0,180000.0,1
6,1970,1304.0,1682,530.0,174000.0,1
5,1967,1214.0,1214,318.0,143000.0,1
5,1989,1907.0,1959,766.0,171000.0,1
5,2000,1004.0,1852,660.0,230000.0,1
5,1997,928.0,1764,470.0,231500.0,1
5,1971,864.0,864,0.0,115000.0,1
5,2005,1734.0,1734,660.0,260000.0,1
4,1952,910.0,1385,720.0,166000.0,1
5,1999,1490.0,1501,577.0,204000.0,1
5,1963,1728.0,1728,504.0,125000.0,1
5,2006,970.0,1709,380.0,130000.0,1
7,1993,715.0,875,180.0,105000.0,1
5,2001,884.0,2035,434.0,222500.0,1
5,2005,1080.0,1080,0.0,141000.0,1
4,1950,896.0,1344,240.0,115000.0,1
6,1975,969.0,969,440.0,122000.0,1
5,2008,1710.0,1710,866.0,372402.0,1
5,1971,825.0,1993,495.0,190000.0,1
7,1975,1602.0,1252,564.0,235000.0,1
5,1950,1200.0,1200,312.0,125000.0,1
5,1950,572.0,1096,0.0,79000.0,1
7,1950,0.0,1040,625.0,109500.0,1
5,2010,774.0,1968,680.0,269500.0,1
5,2005,991.0,1947,678.0,254900.0,1
5,2006,1392.0,2462,576.0,320000.0,1
6,1984,1232.0,1232,516.0,162500.0,1
5,2004,1572.0,2668,726.0,412500.0,1
5,2005,1541.0,1541,532.0,220000.0,1
6,1956,882.0,882,0.0,103200.0,1
7,2004,1149.0,1616,216.0,152000.0,1
7,1999,644.0,1355,0.0,127500.0,1
5,1993,1617.0,1867,303.0,190000.0,1
5,2007,1582.0,2161,789.0,325624.0,1
5,2004,840.0,1720,440.0,183500.0,1
6,1981,1686.0,1707,511.0,228000.0,1
6,1950,720.0,1382,660.0,128500.0,1
5,1960,1080.0,1656,528.0,215000.0,1
7,1987,1064.0,1767,504.0,239000.0,1
5,1961,1362.0,1362,504.0,163000.0,1
5,1986,1606.0,1651,616.0,184000.0,1
7,2001,1202.0,2158,576.0,243000.0,1
5,1989,1151.0,2060,521.0,211000.0,1
5,1958,1052.0,1920,451.0,172500.0,1
5,2009,2216.0,2234,1166.0,501837.0,1
6,2006,968.0,968,480.0,100000.0,1
5,2000,756.0,1525,440.0,177000.0,1
6,1950,793.0,1802,216.0,200100.0,1
6,2006,0.0,1340,252.0,120000.0,1
5,2003,1362.0,2082,484.0,200000.0,1
8,1991,504.0,1252,576.0,127000.0,1
9,1993,1107.0,3608,840.0,475000.0,1
5,1991,1188.0,1217,497.0,173000.0,1
7,1987,660.0,1656,180.0,135000.0,1
5,1979,1086.0,1224,528.0,153337.0,1
5,2002,1593.0,1593,682.0,286000.0,1
8,1994,853.0,2727,440.0,315000.0,1
9,2004,725.0,1479,484.0,184000.0,1
5,1999,1431.0,1431,666.0,192000.0,1
5,2004,970.0,1709,380.0,130000.0,1
7,1972,864.0,864,352.0,127000.0,1
6,1976,855.0,1456,440.0,148500.0,1
5,2007,1726.0,1726,786.0,311872.0,1
4,1990,1360.0,3112,795.0,235000.0,1
6,1950,755.0,2229,0.0,104000.0,1
5,2005,1713.0,1713,856.0,274900.0,1
5,2004,1121.0,1121,440.0,140000.0,1
6,1977,1196.0,1279,473.0,171500.0,1
6,1950,617.0,1310,398.0,112000.0,1
5,2004,848.0,848,420.0,149000.0,1
7,1950,720.0,1284,240.0,110000.0,1
5,1990,1424.0,1442,500.0,180500.0,1
5,1962,1140.0,1696,349.0,143900.0,1
5,1960,1100.0,1100,312.0,141000.0,1
5,1989,1157.0,2062,454.0,277000.0,1
7,1964,1092.0,1092,504.0,145000.0,1
6,1950,864.0,864,0.0,98000.0,1
5,2009,1212.0,1212,460.0,186000.0,1
5,2009,900.0,1852,644.0,252678.0,1
5,1995,990.0,990,576.0,156000.0,1
7,1977,689.0,1392,299.0,161750.0,1
6,1996,1070.0,1236,447.0,134450.0,1
5,2004,1436.0,1436,484.0,210000.0,1
4,1950,686.0,1328,210.0,107000.0,1
9,2006,798.0,1954,431.0,311500.0,1
5,2006,1248.0,1248,438.0,167240.0,1
5,2006,1498.0,1498,675.0,204900.0,1
5,2002,1010.0,2267,390.0,200000.0,1
6,1975,713.0,1552,434.0,179900.0,1
6,1971,864.0,864,576.0,97000.0,1
5,2003,2392.0,2392,968.0,386250.0,1
5,1971,630.0,1302,280.0,112000.0,1
5,1995,1203.0,2520,721.0,290000.0,1
6,1970,483.0,987,280.0,106000.0,1
5,1967,912.0,912,336.0,125000.0,1
5,2006,1373.0,1555,430.0,192500.0,1
6,1959,1194.0,1194,312.0,148000.0,1
5,1996,1462.0,2794,810.0,403000.0,1
5,1972,483.0,987,288.0,94500.0,1
6,1976,894.0,894,308.0,128200.0,1
5,2002,860.0,1960,440.0,216500.0,1
3,1971,483.0,987,264.0,89500.0,1
5,2004,1414.0,1414,494.0,185500.0,1
7,2003,996.0,1744,457.0,194500.0,1
5,2007,1694.0,1694,818.0,318000.0,1
4,1950,735.0,1487,220.0,113000.0,1
5,2008,1566.0,1566,750.0,262500.0,1
9,1997,686.0,866,0.0,110500.0,1
4,1950,540.0,1440,352.0,79000.0,1
6,1980,626.0,1217,288.0,120000.0,1
5,2002,948.0,2110,463.0,205000.0,1
5,1988,1845.0,1872,604.0,241500.0,1
8,1950,1020.0,1928,440.0,137000.0,1
5,1954,1367.0,1375,451.0,140000.0,1
5,2003,840.0,1668,500.0,180000.0,1
7,2006,1444.0,2144,389.0,277000.0,1
2,1966,728.0,1306,0.0,76500.0,1
5,2007,1573.0,1625,538.0,235000.0,1
5,2004,798.0,1640,520.0,173000.0,1
7,1991,1302.0,1302,309.0,158000.0,1
6,1957,1314.0,1314,294.0,145000.0,1
5,1999,975.0,2291,429.0,230000.0,1
5,2003,864.0,1728,673.0,207500.0,1
5,2006,1604.0,1604,660.0,220000.0,1
5,2001,963.0,1792,564.0,231500.0,1
5,1956,0.0,882,308.0,97000.0,1
5,1962,1362.0,1382,884.0,176000.0,1
5,2007,1482.0,2574,868.0,276000.0,1
7,1995,506.0,1212,492.0,151000.0,1
7,2001,926.0,1316,484.0,130000.0,1
5,2004,680.0,764,504.0,73000.0,1
6,1981,1422.0,1422,576.0,175500.0,1
5,1997,802.0,1511,413.0,185000.0,1
8,1997,720.0,2192,240.0,179500.0,1
6,1955,740.0,778,924.0,120500.0,1
7,1976,1143.0,1113,504.0,148000.0,1
5,2006,1095.0,1939,1053.0,266000.0,1
7,2005,1385.0,1363,439.0,241500.0,1
7,2007,1152.0,2270,671.0,290000.0,1
6,1988,1240.0,1632,338.0,139000.0,1
7,1982,816.0,816,264.0,124500.0,1
7,2007,952.0,1548,672.0,205000.0,1
5,2003,1560.0,1560,573.0,201000.0,1
5,1951,864.0,864,400.0,141000.0,1
5,2007,2121.0,2121,732.0,415298.0,1
5,1977,1160.0,2022,505.0,192000.0,1
6,1989,807.0,1982,575.0,228500.0,1
5,2006,1262.0,1262,572.0,185000.0,1
5,2008,1314.0,1314,626.0,207500.0,1
5,2009,1468.0,1468,898.0,244600.0,1
5,1992,1575.0,1575,529.0,179200.0,1
5,2007,625.0,1250,528.0,164700.0,1
7,1981,912.0,1734,440.0,159000.0,1
4,1971,858.0,858,0.0,88000.0,1
5,1967,882.0,900,280.0,122000.0,1
7,2003,698.0,1396,384.0,153575.0,1
5,2006,1079.0,1919,685.0,233230.0,1
6,2000,780.0,1716,0.0,135900.0,1
4,2008,768.0,1716,281.0,131000.0,1
7,1994,795.0,2263,539.0,235000.0,1
5,1953,1416.0,1644,418.0,167000.0,1
6,1984,1003.0,1003,588.0,142500.0,1
5,1950,910.0,1558,282.0,152000.0,1
5,1998,975.0,1950,576.0,239000.0,1
6,1968,702.0,1743,539.0,175000.0,1
8,2004,1092.0,1152,300.0,158500.0,1
5,1953,1165.0,1336,375.0,157000.0,1
5,1999,1028.0,2452,683.0,267000.0,1
5,2002,1541.0,1541,843.0,205000.0,1
7,1972,894.0,894,552.0,149900.0,1
9,2002,1470.0,3493,870.0,295000.0,1
5,2005,2000.0,2000,888.0,305900.0,1
5,1991,700.0,2243,746.0,225000.0,1
7,1950,319.0,1406,0.0,89500.0,1
5,1950,861.0,861,539.0,82500.0,1
5,2004,1896.0,1944,708.0,360000.0,1
5,1994,697.0,1501,420.0,165600.0,1
6,2002,972.0,972,240.0,132000.0,1
7,1950,793.0,1118,410.0,119900.0,1
5,1965,2136.0,2036,513.0,375000.0,1
7,1990,728.0,1641,546.0,178000.0,1
5,2005,716.0,1432,432.0,188500.0,1
7,1980,845.0,2353,484.0,260000.0,1
5,2006,1088.0,1959,1025.0,270000.0,1
5,1993,1347.0,2646,656.0,260000.0,1
5,1980,1372.0,1472,588.0,187500.0,1
5,2006,1249.0,2596,840.0,342643.0,1
5,2004,1136.0,2468,872.0,354000.0,1
5,1987,1502.0,2730,576.0,301000.0,1
8,2005,1162.0,1163,220.0,126175.0,1
7,2007,710.0,2978,564.0,242000.0,1
6,1950,720.0,803,360.0,87000.0,1
5,1993,1719.0,1719,473.0,324000.0,1
5,1960,1383.0,1383,292.0,145250.0,1
6,1994,844.0,2134,441.0,214500.0,1
5,1950,596.0,1192,189.0,78000.0,1
4,1964,1728.0,1728,352.0,119000.0,1
6,1992,1056.0,1056,308.0,139000.0,1
5,2004,3206.0,1629,880.0,284000.0,1
5,2004,1358.0,1358,484.0,207000.0,1
5,1998,943.0,1638,472.0,192000.0,1
6,1965,1499.0,1786,529.0,228950.0,1
5,2006,1922.0,1922,676.0,377426.0,1
5,2003,1536.0,1536,532.0,214000.0,1
7,1998,1208.0,1621,440.0,202500.0,1
7,1998,1215.0,1215,297.0,155000.0,1
5,2002,967.0,1908,431.0,202900.0,1
4,1950,721.0,841,294.0,82000.0,1
4,1950,0.0,1040,400.0,87500.0,1
5,2005,1684.0,1684,564.0,266000.0,1
3,1976,536.0,1112,336.0,85000.0,1
5,1950,972.0,1577,312.0,140200.0,1
8,1998,958.0,958,301.0,151500.0,1
5,1960,1478.0,1478,498.0,157500.0,1
5,2004,764.0,1626,474.0,154000.0,1
5,2006,1848.0,2728,706.0,437154.0,1
5,2007,1869.0,1869,617.0,318061.0,1
5,1986,1453.0,1453,445.0,190000.0,1
6,1950,616.0,1111,200.0,95000.0,1
8,2003,624.0,720,484.0,105900.0,1
5,2000,940.0,1595,240.0,140000.0,1
5,1995,1200.0,1200,521.0,177500.0,1
6,1992,1158.0,1167,400.0,173000.0,1
5,1976,1142.0,1142,528.0,134000.0,1
4,1958,1062.0,1352,288.0,130000.0,1
5,1998,1086.0,1924,592.0,280000.0,1
6,1978,888.0,912,470.0,156000.0,1
5,1982,883.0,1505,240.0,145000.0,1
5,2003,0.0,1922,672.0,198500.0,1
8,2007,483.0,987,264.0,118000.0,1
5,1976,796.0,1574,566.0,190000.0,1
7,1997,672.0,1344,468.0,147000.0,1
5,1963,1394.0,1394,514.0,159000.0,1
5,1962,1099.0,1431,296.0,165000.0,1
6,1954,1268.0,1268,244.0,132000.0,1
7,2006,1063.0,1287,576.0,162000.0,1
5,2000,953.0,1664,460.0,172400.0,1
4,1959,0.0,1588,680.0,134432.0,1
5,1984,744.0,752,264.0,125000.0,1
6,1953,608.0,1319,270.0,123000.0,1
5,2004,847.0,1928,434.0,219500.0,1
1,1950,683.0,904,0.0,61000.0,1
5,1996,870.0,914,576.0,148000.0,1
5,2005,1580.0,2466,610.0,340000.0,1
2,2010,1856.0,1856,834.0,394432.0,1
5,2000,982.0,1800,463.0,179000.0,1
6,1950,1026.0,1691,308.0,127000.0,1
5,2006,1293.0,1301,572.0,187750.0,1
5,2006,939.0,1797,639.0,213500.0,1
3,1950,784.0,784,360.0,76000.0,1
5,1992,1580.0,1953,501.0,240000.0,1
5,2005,1256.0,1269,430.0,192000.0,1
3,1996,658.0,1184,0.0,81000.0,1
6,1976,1041.0,1125,352.0,125000.0,1
5,2000,1468.0,1479,577.0,191000.0,1
5,2008,1682.0,2332,846.0,426000.0,1
8,1950,861.0,1367,384.0,119000.0,1
5,2002,804.0,1961,560.0,215000.0,1
7,1959,0.0,882,294.0,106500.0,1
5,1950,788.0,788,0.0,100000.0,1
6,1950,735.0,1034,240.0,109000.0,1
6,1956,1144.0,1144,596.0,129000.0,1
5,1972,894.0,894,600.0,123000.0,1
5,1962,864.0,1812,264.0,169500.0,1
2,1950,961.0,1077,338.0,67000.0,1
5,2007,1092.0,1550,438.0,241000.0,1
5,1996,1260.0,1288,500.0,245500.0,1
5,2005,1310.0,1310,400.0,164990.0,1
8,1997,672.0,672,240.0,108000.0,1
5,1998,1141.0,2263,420.0,258000.0,1
5,1996,806.0,1572,373.0,168000.0,1
4,1993,1281.0,1620,490.0,150000.0,1
5,1950,1064.0,1639,240.0,115000.0,1
7,1976,840.0,1680,308.0,177000.0,1
5,2006,1063.0,2172,947.0,280000.0,1
5,2008,1034.0,2078,836.0,339750.0,1
3,1958,1276.0,1276,350.0,60000.0,1
5,1955,1056.0,1056,572.0,145000.0,1
5,2009,1470.0,1478,484.0,222000.0,1
6,1950,1008.0,1028,360.0,115000.0,1
5,1993,1080.0,2097,678.0,228000.0,1
5,2007,1340.0,1340,396.0,181134.0,1
7,1978,672.0,1400,440.0,149500.0,1
6,1950,1370.0,2624,864.0,239000.0,1
6,1950,756.0,1134,240.0,126000.0,1
6,1968,1056.0,1056,304.0,142000.0,1
5,1998,1344.0,1344,784.0,206300.0,1
7,2000,1602.0,1602,529.0,215000.0,1
5,1954,988.0,988,520.0,113000.0,1
5,1998,1470.0,2630,696.0,315000.0,1
5,1956,1196.0,1196,297.0,139000.0,1
8,1992,651.0,1389,240.0,135000.0,1
5,1989,1518.0,1644,569.0,275000.0,1
6,1957,907.0,907,352.0,109008.0,1
5,2007,1208.0,1208,628.0,195400.0,1
5,1988,1392.0,1412,576.0,175000.0,1
5,1971,483.0,987,264.0,85400.0,1
7,1998,901.0,1198,0.0,79900.0,1
5,1971,765.0,1365,440.0,122500.0,1
5,1998,926.0,1604,470.0,181000.0,1
7,1972,630.0,630,0.0,81000.0,1
6,1996,799.0,1661,550.0,212000.0,1
8,1950,648.0,1118,440.0,116000.0,1
7,2004,884.0,904,180.0,119000.0,1
6,2002,440.0,694,352.0,90350.0,1
8,2000,684.0,1196,528.0,110000.0,1
5,2008,3094.0,2402,672.0,555000.0,1
4,1955,1440.0,1440,0.0,118000.0,1
7,1992,1078.0,1573,360.0,162900.0,1
5,2007,1258.0,1258,648.0,172500.0,1
5,1995,915.0,1908,493.0,210000.0,1
5,1956,1436.0,1689,480.0,127500.0,1
6,2002,1517.0,1888,578.0,190000.0,1
5,1999,930.0,1886,431.0,199900.0,1
6,1950,780.0,1376,198.0,119500.0,1
7,2002,649.0,1183,308.0,120000.0,1
8,2005,813.0,813,270.0,110000.0,1
5,1975,1533.0,1533,576.0,280000.0,1
5,1997,872.0,1756,422.0,204000.0,1
5,2008,768.0,1590,676.0,210000.0,1
5,1976,1728.0,1728,560.0,188000.0,1
6,1973,1242.0,1242,528.0,175500.0,1
5,1950,624.0,1344,513.0,98000.0,1
6,1994,1364.0,1663,529.0,256000.0,1
7,1996,588.0,1666,228.0,161000.0,1
4,1950,709.0,1203,352.0,110000.0,1
5,2009,832.0,1935,552.0,263435.0,1
9,2007,560.0,1135,576.0,155000.0,1
5,1965,864.0,864,360.0,62383.0,1
7,1995,715.0,1660,240.0,188700.0,1
5,1978,1040.0,1040,0.0,124000.0,1
5,2004,1375.0,1414,398.0,178740.0,1
5,1970,1277.0,1277,526.0,167000.0,1
7,1995,728.0,1644,312.0,146500.0,1
5,2006,1626.0,1634,866.0,250000.0,1
5,1993,832.0,1710,506.0,187000.0,1
5,1985,1488.0,1502,528.0,212000.0,1
6,1977,808.0,1969,534.0,190000.0,1
5,2005,547.0,1072,525.0,148000.0,1
5,2007,1976.0,1976,908.0,440000.0,1
5,2000,1494.0,1652,499.0,251000.0,1
6,1963,970.0,970,624.0,132500.0,1
5,1998,1478.0,1493,508.0,208900.0,1
5,2006,2153.0,2643,694.0,380000.0,1
5,2008,1705.0,1718,826.0,297000.0,1
7,2000,907.0,1131,672.0,89471.0,1
5,2005,1833.0,1850,772.0,326000.0,1
5,2004,1792.0,1792,874.0,374000.0,1
8,2005,910.0,1826,164.0,155000.0,1
5,1998,1216.0,1216,402.0,164000.0,1
7,2001,999.0,999,264.0,132500.0,1
7,2007,1113.0,1113,264.0,147000.0,1
7,1965,1073.0,1073,515.0,156000.0,1
6,1971,1484.0,1484,487.0,175000.0,1
4,1970,954.0,2414,520.0,160000.0,1
8,2002,630.0,630,286.0,86000.0,1
6,1976,264.0,1304,336.0,115000.0,1
7,1950,806.0,1578,240.0,133000.0,1
5,2006,728.0,1456,429.0,172785.0,1
6,1960,1269.0,1269,308.0,155000.0,1
8,1996,190.0,886,273.0,91300.0,1
5,1950,720.0,720,0.0,34900.0,1
5,1993,3200.0,3228,546.0,430000.0,1
6,1950,1026.0,1820,240.0,184000.0,1
7,2004,864.0,899,288.0,130000.0,1
7,1985,912.0,912,297.0,120000.0,1
5,1973,672.0,1218,264.0,113000.0,1
5,2005,866.0,1768,603.0,226700.0,1
7,1965,1214.0,1214,461.0,140000.0,1
8,1997,1501.0,1801,484.0,289000.0,1
5,1974,855.0,1322,440.0,147000.0,1
5,1952,960.0,1960,400.0,124500.0,1
5,1994,777.0,1911,471.0,215000.0,1
5,2009,1218.0,1218,676.0,208300.0,1
9,2005,689.0,1378,360.0,161000.0,1
6,1959,1041.0,1041,270.0,124500.0,1
7,2000,1008.0,1363,288.0,164900.0,1
5,2006,1368.0,1368,474.0,202665.0,1
5,1958,864.0,864,624.0,129900.0,1
5,1983,1084.0,1080,484.0,134000.0,1
5,1950,768.0,789,200.0,96500.0,1
5,2009,2006.0,2020,900.0,402861.0,1
6,1972,689.0,2119,583.0,158000.0,1
5,1997,1264.0,2344,889.0,265000.0,1
5,1998,794.0,1796,546.0,211000.0,1
9,2004,1276.0,2080,282.0,234000.0,1
7,2000,0.0,1294,0.0,106250.0,1
6,1957,1244.0,1244,336.0,150000.0,1
7,1950,1004.0,1664,420.0,159000.0,1
5,2008,3138.0,4676,884.0,184750.0,1
5,1997,1379.0,2398,834.0,315750.0,1
5,2005,1257.0,1266,453.0,176000.0,1
7,2000,928.0,928,252.0,132000.0,1
5,2008,1452.0,2713,858.0,446261.0,1
7,2002,528.0,605,0.0,86000.0,1
3,1975,2035.0,2515,484.0,200624.0,1
5,1989,1461.0,1509,600.0,175000.0,1
8,1999,611.0,1362,502.0,128000.0,1
7,2007,0.0,827,392.0,107500.0,1
3,1950,0.0,334,0.0,39300.0,1
5,2004,707.0,1414,403.0,178000.0,1
7,1991,1117.0,1347,0.0,107500.0,1
5,1999,880.0,1724,527.0,188000.0,1
5,1972,864.0,864,576.0,111250.0,1
5,1968,1051.0,1159,336.0,158000.0,1
5,2002,1581.0,1601,670.0,272000.0,1
5,2006,1838.0,1838,765.0,315000.0,1
5,2000,969.0,2285,648.0,248000.0,1
5,1999,1650.0,1680,583.0,213250.0,1
5,1998,723.0,767,367.0,133000.0,1
5,2006,654.0,1496,426.0,179665.0,1
5,1988,1204.0,2183,786.0,229000.0,1
7,1950,1065.0,1635,440.0,210000.0,1
7,1970,768.0,768,624.0,129500.0,1
7,1995,825.0,825,720.0,125000.0,1
5,2004,912.0,2094,615.0,263000.0,1
6,1977,1069.0,1069,440.0,140000.0,1
6,1957,928.0,928,288.0,112500.0,1
5,2006,1709.0,1717,908.0,255500.0,1
5,2003,0.0,1126,520.0,108000.0,1
5,2004,998.0,2046,871.0,284000.0,1
6,1950,993.0,1048,280.0,113000.0,1
5,1957,1092.0,1092,299.0,141000.0,1
6,1950,637.0,1336,570.0,108000.0,1
5,1997,729.0,1446,406.0,175000.0,1
5,2004,1374.0,1557,420.0,234000.0,1
6,1996,1392.0,1392,528.0,121500.0,1
5,1975,1389.0,1389,418.0,170000.0,1
6,1969,996.0,996,0.0,108000.0,1
7,1950,1163.0,1674,396.0,185000.0,1
5,2000,1095.0,2295,590.0,268000.0,1
4,1950,806.0,1647,216.0,128000.0,1
5,2007,1122.0,2504,656.0,325000.0,1
5,2004,1517.0,1535,532.0,214000.0,1
8,2009,1496.0,2132,612.0,316600.0,1
5,1979,943.0,943,600.0,135960.0,1
5,1965,1728.0,1728,576.0,142600.0,1
6,1959,864.0,864,288.0,120000.0,1
5,2009,846.0,1692,650.0,224500.0,1
5,2000,384.0,1430,400.0,170000.0,1
7,2005,372.0,1109,288.0,139000.0,1
5,1950,832.0,1216,336.0,118500.0,1
7,1950,861.0,1477,216.0,145000.0,1
6,1966,1164.0,1320,564.0,164500.0,1
5,2007,689.0,1392,540.0,146000.0,1
5,1954,1050.0,1795,352.0,131500.0,1
6,1987,1144.0,1429,572.0,181900.0,1
5,2009,2042.0,2042,1390.0,253293.0,1
5,1990,816.0,816,0.0,118500.0,1
9,2000,1237.0,2775,880.0,325000.0,1
7,1995,884.0,1573,240.0,133000.0,1
5,2006,1868.0,2028,880.0,369900.0,1
7,2000,816.0,838,275.0,130000.0,1
6,1982,840.0,860,528.0,137000.0,1
8,2003,1437.0,1473,452.0,143000.0,1
6,1960,742.0,935,308.0,79500.0,1
5,2004,770.0,1582,520.0,185900.0,1
5,2008,1722.0,2296,842.0,451950.0,1
8,2003,816.0,816,816.0,138000.0,1
5,2003,848.0,848,420.0,140000.0,1
6,1975,924.0,924,280.0,110000.0,1
5,2006,1814.0,1826,758.0,319000.0,1
7,1993,684.0,1368,216.0,114504.0,1
5,2007,1258.0,1402,648.0,194201.0,1
6,1977,1430.0,1647,621.0,217500.0,1
6,1980,716.0,1556,452.0,151000.0,1
5,2005,1058.0,1904,736.0,275000.0,1
6,1950,780.0,1375,544.0,141000.0,1
5,1992,908.0,1915,506.0,220000.0,1
5,2005,600.0,1200,480.0,151000.0,1
5,2002,1494.0,1494,530.0,221000.0,1
6,1990,768.0,1986,486.0,205000.0,1
5,1996,1040.0,1040,576.0,152000.0,1
8,2002,896.0,2008,230.0,225000.0,1
6,1998,965.0,3194,380.0,359100.0,1
5,1961,1029.0,1029,261.0,118500.0,1
5,2000,1440.0,2153,736.0,313000.0,1
6,1978,1032.0,1032,564.0,148000.0,1
5,2001,1299.0,1872,531.0,261500.0,1
5,2007,1120.0,1120,0.0,147000.0,1
6,1972,630.0,630,0.0,75500.0,1
7,1963,936.0,1054,480.0,137500.0,1
5,2003,783.0,1509,393.0,183200.0,1
6,1954,832.0,832,528.0,105500.0,1
5,2007,1822.0,1828,774.0,314813.0,1
5,2003,1482.0,2262,749.0,305000.0,1
3,1950,864.0,864,0.0,67000.0,1
7,1997,1522.0,2614,624.0,240000.0,1
6,1977,980.0,980,484.0,135000.0,1
5,2000,756.0,1512,440.0,168500.0,1
5,1972,732.0,1790,484.0,165150.0,1
6,1962,1116.0,1116,440.0,160000.0,1
5,1978,978.0,1422,286.0,139900.0,1
6,1972,1156.0,1520,364.0,153000.0,1
5,1969,1040.0,2080,504.0,135000.0,1
5,1964,1248.0,1350,520.0,168500.0,1
6,1991,636.0,1750,240.0,124000.0,1
5,2006,1554.0,1554,627.0,209500.0,1
5,1977,1386.0,1411,544.0,82500.0,1
7,2005,1056.0,1056,260.0,139400.0,1
5,1980,1056.0,1056,576.0,144000.0,1
7,1995,1440.0,3395,0.0,200000.0,1
3,1950,264.0,800,0.0,60000.0,1
4,1954,811.0,1387,256.0,93000.0,1
7,1950,796.0,796,0.0,85000.0,1
5,2006,1520.0,1567,648.0,264561.0,1
5,2004,1518.0,1518,588.0,274000.0,1
5,2001,1057.0,1929,650.0,226000.0,1
7,1995,1952.0,2704,538.0,345000.0,1
5,1969,780.0,1620,462.0,152000.0,1
5,2009,1766.0,1766,478.0,370878.0,1
5,1971,981.0,981,576.0,143250.0,1
5,1950,0.0,1048,420.0,98300.0,1
5,1953,1094.0,1094,495.0,155000.0,1
5,1966,756.0,1839,442.0,155000.0,1
6,1970,630.0,630,0.0,84500.0,1
6,2007,813.0,1665,562.0,205950.0,1
5,1950,755.0,1510,296.0,108000.0,1
5,1996,880.0,1716,512.0,191000.0,1
7,1995,756.0,1469,216.0,135000.0,1
6,1995,2109.0,2113,839.0,350000.0,1
5,1971,525.0,1092,264.0,88000.0,1
7,2006,1053.0,1053,312.0,145500.0,1
6,2000,776.0,1502,270.0,149000.0,1
5,1950,912.0,1458,330.0,97500.0,1
7,1999,1486.0,1486,480.0,167000.0,1
7,1976,793.0,1935,550.0,197900.0,1
7,2005,1629.0,2448,711.0,402000.0,1
3,1968,1392.0,1392,576.0,110000.0,1
5,1972,1138.0,1181,588.0,137500.0,1
5,2006,2077.0,2097,1134.0,423000.0,1
5,2000,1406.0,1936,504.0,230500.0,1
5,1979,1021.0,2380,596.0,129000.0,1
5,1998,1408.0,1679,575.0,193500.0,1
6,1987,1188.0,1437,576.0,168000.0,1
5,1950,700.0,1180,252.0,137500.0,1
5,2005,738.0,1476,540.0,173500.0,1
6,1950,672.0,1369,300.0,103600.0,1
6,1977,1208.0,1208,546.0,165000.0,1
7,2004,1477.0,1839,416.0,257500.0,1
6,1965,1136.0,1136,384.0,140000.0,1
6,1978,855.0,1441,440.0,148500.0,1
2,1950,1095.0,1774,779.0,87000.0,1
8,2006,768.0,792,240.0,109500.0,1
5,2008,2046.0,2046,834.0,372500.0,1
5,1961,988.0,988,572.0,128500.0,1
5,1980,923.0,923,264.0,143000.0,1
5,2000,793.0,1520,281.0,159434.0,1
5,1997,1291.0,1291,431.0,173000.0,1
5,2002,1626.0,1668,702.0,285000.0,1
5,1998,1195.0,1839,486.0,221000.0,1
5,1984,1190.0,2090,577.0,207500.0,1
6,2007,874.0,1761,578.0,227875.0,1
5,2004,551.0,1102,480.0,148800.0,1
6,2007,1419.0,1419,567.0,392000.0,1
5,2006,1362.0,1362,460.0,194700.0,1
5,2004,848.0,848,420.0,141000.0,1
6,1995,2444.0,4316,832.0,755000.0,1
5,1990,1210.0,2519,628.0,335000.0,1
6,1968,1073.0,1073,326.0,108480.0,1
6,1950,927.0,1539,576.0,141500.0,1
6,1987,1112.0,1137,551.0,176000.0,1
7,1950,616.0,616,205.0,89000.0,1
7,1952,980.0,1148,308.0,123500.0,1
8,2009,894.0,894,336.0,138500.0,1
5,2004,1391.0,1391,530.0,196000.0,1
5,2002,1800.0,1800,765.0,312500.0,1
5,1969,1164.0,1164,528.0,140000.0,1
5,2006,1234.0,2576,666.0,361919.0,1
9,1996,360.0,1812,672.0,140000.0,1
5,2005,1473.0,1484,606.0,213000.0,1
5,1950,0.0,1092,0.0,55000.0,1
5,2002,1643.0,1824,739.0,302000.0,1
5,2006,1324.0,1324,550.0,254000.0,1
5,2007,728.0,1456,400.0,179540.0,1
7,1966,876.0,904,408.0,109900.0,1
6,2003,270.0,729,0.0,52000.0,1
7,1950,859.0,1178,384.0,102776.0,1
5,1989,1228.0,1228,472.0,189000.0,1
5,1970,960.0,960,576.0,129000.0,1
8,2005,725.0,1479,475.0,130500.0,1
5,1974,1064.0,1350,478.0,165000.0,1
8,1998,718.0,2554,704.0,159500.0,1
6,2000,1176.0,1178,439.0,157000.0,1
5,1994,1311.0,2418,983.0,341000.0,1
6,1969,971.0,971,300.0,128500.0,1
5,1985,1742.0,1742,564.0,275000.0,1
5,2004,848.0,848,420.0,143000.0,1
7,1970,864.0,864,463.0,124500.0,1
6,1972,941.0,1470,548.0,135000.0,1
5,2008,1698.0,1698,768.0,320000.0,1
6,1970,864.0,864,660.0,120500.0,1
9,2007,880.0,1680,540.0,222000.0,1
5,2007,1232.0,1232,632.0,194500.0,1
5,1958,1584.0,1776,888.0,110000.0,1
5,1950,780.0,1208,539.0,103000.0,1
5,1996,1595.0,1616,608.0,236500.0,1
5,2003,868.0,1146,438.0,187500.0,1
5,1999,1153.0,2031,541.0,222500.0,1
6,1983,864.0,1144,264.0,131400.0,1
5,1968,948.0,948,300.0,108000.0,1
7,1970,880.0,1768,320.0,163000.0,1
4,1950,0.0,1040,400.0,93500.0,1
5,2005,893.0,1801,800.0,239900.0,1
5,1988,1200.0,1200,0.0,179000.0,1
5,2004,864.0,1728,572.0,190000.0,1
7,2002,264.0,1432,360.0,132000.0,1
8,1996,912.0,912,288.0,142000.0,1
5,2001,1349.0,1349,539.0,179000.0,1
6,1999,520.0,1464,480.0,175000.0,1
5,1993,1337.0,1337,462.0,180000.0,1
9,1996,1142.0,2715,831.0,299800.0,1
5,2000,952.0,2256,554.0,236000.0,1
7,2003,1240.0,2640,864.0,265979.0,1
5,1996,1720.0,1720,527.0,260400.0,1
3,1950,0.0,1529,240.0,98000.0,1
7,2004,576.0,1140,0.0,96500.0,1
5,2003,660.0,1320,400.0,162000.0,1
5,1997,1479.0,1494,576.0,217000.0,1
5,2005,1030.0,2098,878.0,275500.0,1
8,2005,1026.0,1026,440.0,156000.0,1
5,1999,729.0,1471,440.0,172500.0,1
5,2007,866.0,1768,578.0,212000.0,1
5,1978,672.0,1386,440.0,158900.0,1
5,1999,744.0,1501,440.0,179400.0,1
5,1995,1318.0,2531,752.0,290000.0,1
6,1959,864.0,864,300.0,127500.0,1
5,1950,1145.0,1301,440.0,100000.0,1
5,2009,756.0,1547,614.0,215200.0,1
5,1999,1252.0,2365,856.0,337000.0,1
5,1996,1494.0,1494,481.0,270000.0,1
5,2008,1498.0,1506,592.0,264132.0,1
5,1988,980.0,1714,496.0,196500.0,1
7,1985,983.0,1750,423.0,160000.0,1
5,2005,1860.0,1836,484.0,216837.0,1
5,2003,1650.0,3279,841.0,538000.0,1
5,1982,858.0,858,576.0,134900.0,1
5,1951,836.0,1220,396.0,102000.0,1
5,1976,1029.0,1117,672.0,107000.0,1
5,1958,912.0,912,275.0,114500.0,1
5,2006,1935.0,1973,895.0,395000.0,1
5,1998,1204.0,1204,412.0,162000.0,1
5,2006,1614.0,1614,865.0,221500.0,1
5,1974,864.0,894,440.0,142500.0,1
5,1977,0.0,2020,630.0,144000.0,1
5,1977,975.0,1004,504.0,135000.0,1
5,1996,1237.0,1253,402.0,176000.0,1
5,1992,761.0,1603,484.0,175900.0,1
5,2002,1413.0,1430,605.0,187100.0,1
6,1978,1097.0,1110,602.0,165500.0,1
6,2001,742.0,1484,0.0,128000.0,1
5,1967,1372.0,1342,457.0,161500.0,1
6,1950,686.0,1652,416.0,139000.0,1
5,2004,956.0,2084,618.0,233000.0,1
7,2000,901.0,901,281.0,107900.0,1
8,2007,832.0,2087,444.0,187500.0,1
5,2006,1145.0,1145,397.0,160200.0,1
5,1976,1029.0,1062,539.0,146800.0,1
5,1997,1117.0,2013,455.0,269790.0,1
5,2007,1496.0,1496,474.0,225000.0,1
5,1996,712.0,1895,409.0,194500.0,1
6,1981,650.0,1564,476.0,171000.0,1
5,1977,660.0,1285,528.0,143500.0,1
5,1953,773.0,773,240.0,110000.0,1
5,2009,1926.0,3140,820.0,485000.0,1
7,1950,731.0,1768,240.0,175000.0,1
5,1997,616.0,1688,603.0,200000.0,1
7,1990,1196.0,1196,440.0,109900.0,1
5,2005,728.0,1456,410.0,189000.0,1
5,2009,1734.0,2822,1020.0,582933.0,1
5,1954,936.0,1128,286.0,118000.0,1
5,2008,1417.0,1428,554.0,227680.0,1
5,1967,980.0,980,384.0,135500.0,1
6,2004,1324.0,1576,528.0,223500.0,1
5,1966,1024.0,1086,484.0,159950.0,1
5,1965,849.0,2138,360.0,106000.0,1
6,1999,1040.0,1309,484.0,181000.0,1
5,2004,848.0,848,420.0,144500.0,1
5,1952,540.0,1044,504.0,55993.0,1
6,1958,1442.0,1442,301.0,157900.0,1
7,1950,686.0,1250,280.0,116000.0,1
5,1998,1649.0,1661,598.0,224900.0,1
6,1954,1008.0,1008,275.0,137000.0,1
5,2002,1568.0,1689,857.0,271000.0,1
7,1971,1010.0,1052,440.0,155000.0,1
5,2010,1358.0,1358,484.0,224000.0,1
5,2003,798.0,1640,595.0,183000.0,1
4,1953,936.0,936,576.0,93000.0,1
5,2003,847.0,1733,433.0,225000.0,1
7,1950,778.0,1489,240.0,139500.0,1
5,2006,1489.0,1489,776.0,232600.0,1
5,2008,2078.0,2084,1220.0,385000.0,1
6,1950,784.0,784,0.0,109500.0,1
5,2001,1454.0,1434,527.0,189000.0,1
5,1967,1013.0,2126,538.0,185000.0,1
5,2005,600.0,1223,480.0,147400.0,1
5,1957,1392.0,1392,458.0,166000.0,1
5,2005,600.0,1200,480.0,151000.0,1
6,2003,941.0,1829,613.0,237000.0,1
6,1964,1516.0,1516,472.0,167000.0,1
6,1961,1144.0,1144,456.0,139950.0,1
7,1995,1067.0,1067,436.0,128000.0,1
6,1973,1559.0,1559,812.0,153500.0,1
5,1973,483.0,987,264.0,100000.0,1
6,2006,1099.0,1099,352.0,144000.0,1
6,1995,768.0,1200,240.0,130500.0,1
8,1950,672.0,1482,400.0,140000.0,1
8,2002,650.0,1539,686.0,157500.0,1
7,1966,1127.0,1165,490.0,174900.0,1
4,1961,1800.0,1800,0.0,141000.0,1
8,1950,876.0,1416,720.0,153900.0,1
5,1981,1390.0,1701,611.0,171000.0,1
5,1993,740.0,1775,425.0,213000.0,1
6,1972,864.0,864,338.0,133500.0,1
8,1997,907.0,2358,360.0,240000.0,1
7,1994,528.0,1855,512.0,187000.0,1
5,2003,848.0,848,420.0,131500.0,1
5,2003,1273.0,1456,400.0,215000.0,1
5,1950,918.0,1646,240.0,164000.0,1
6,1964,1127.0,1445,645.0,158000.0,1
4,1974,1763.0,1779,454.0,170000.0,1
8,2010,1040.0,1040,260.0,127000.0,1
6,1978,940.0,1026,576.0,147000.0,1
5,1995,702.0,1481,343.0,174000.0,1
5,1976,1090.0,1370,479.0,152000.0,1
7,1984,1054.0,2654,619.0,250000.0,1
8,1998,912.0,1426,216.0,189950.0,1
4,1965,1039.0,1039,504.0,131500.0,1
5,1985,1040.0,1097,480.0,152000.0,1
5,1959,1148.0,1148,672.0,132500.0,1
5,2008,1372.0,1372,529.0,250580.0,1
6,1970,1002.0,1002,902.0,148500.0,1
5,2007,1638.0,1646,870.0,248900.0,1
5,1961,1040.0,1120,544.0,129000.0,1
6,1950,0.0,2320,672.0,169000.0,1
5,1994,1050.0,1949,574.0,236000.0,1
5,1962,894.0,894,308.0,109500.0,1
5,1998,804.0,1682,523.0,200500.0,1
7,1996,105.0,910,414.0,116000.0,1
7,1950,832.0,1268,288.0,133000.0,1
6,1950,676.0,1131,200.0,66500.0,1
5,2007,1184.0,2610,550.0,303477.0,1
5,1963,1064.0,1040,648.0,132250.0,1
5,2005,1462.0,2224,738.0,350000.0,1
7,1995,1109.0,1155,576.0,148000.0,1
8,2005,864.0,864,336.0,136500.0,1
5,2006,1090.0,1090,450.0,157000.0,1
5,1991,1156.0,1717,400.0,187500.0,1
5,1993,808.0,1593,389.0,178000.0,1
5,1950,795.0,2230,440.0,118500.0,1
5,1967,892.0,892,288.0,100000.0,1
5,2000,1698.0,1709,506.0,328900.0,1
5,2005,1626.0,1712,588.0,145000.0,1
7,1955,816.0,1393,300.0,135500.0,1
6,1970,2217.0,2217,621.0,268000.0,1
4,1953,1505.0,1505,505.0,149500.0,1
7,2006,672.0,924,576.0,122900.0,1
5,1978,918.0,1683,440.0,172500.0,1
8,2003,1059.0,1068,264.0,154500.0,1
5,1954,1383.0,1383,354.0,165000.0,1
5,1979,0.0,1535,400.0,118858.0,1
5,1963,780.0,1796,483.0,140000.0,1
6,1950,951.0,951,327.0,106500.0,1
5,1979,0.0,2240,528.0,142953.0,1
5,2010,2330.0,2364,820.0,611657.0,1
7,1994,912.0,1236,288.0,135000.0,1
6,1971,858.0,858,684.0,110000.0,1
7,2000,992.0,1306,756.0,153000.0,1
5,2003,783.0,1509,393.0,180000.0,1
5,2006,1670.0,1670,690.0,240000.0,1
6,1967,876.0,902,288.0,125500.0,1
5,1954,1056.0,1063,280.0,128000.0,1
5,2006,1623.0,1636,865.0,255000.0,1
7,1987,1017.0,2057,180.0,250000.0,1
5,1983,864.0,902,484.0,131000.0,1
5,2005,742.0,1484,390.0,174000.0,1
5,1960,1105.0,2274,480.0,154300.0,1
7,1989,1268.0,1268,252.0,143500.0,1
7,1950,768.0,1015,450.0,88000.0,1
6,1950,1001.0,2002,871.0,145000.0,1
5,2009,612.0,1224,528.0,173733.0,1
5,1970,546.0,1092,286.0,75000.0,1
3,1950,480.0,480,308.0,35311.0,1
6,1956,1134.0,1229,284.0,135000.0,1
5,1991,1104.0,2127,833.0,238000.0,1
8,2002,1184.0,1414,601.0,176500.0,1
5,1994,928.0,1721,471.0,201000.0,1
7,2003,1272.0,2200,0.0,145900.0,1
5,2006,1316.0,1316,397.0,169990.0,1
5,1994,1604.0,1617,533.0,193000.0,1
6,1980,1686.0,1686,612.0,207500.0,1
6,1977,1126.0,1126,540.0,175000.0,1
5,2004,1181.0,2374,656.0,285000.0,1
5,1968,832.0,1978,486.0,176000.0,1
5,2001,1753.0,1788,522.0,236500.0,1
5,1997,964.0,2236,642.0,222000.0,1
5,2007,1466.0,1466,610.0,201000.0,1
6,1965,925.0,925,429.0,117500.0,1
5,2006,1905.0,1905,788.0,320000.0,1
5,2004,1500.0,1500,570.0,190000.0,1
7,2007,585.0,2069,505.0,242000.0,1
5,1953,600.0,747,528.0,79900.0,1
5,2003,1176.0,1200,555.0,184900.0,1
5,2005,1113.0,1971,689.0,253000.0,1
5,2006,1391.0,1962,868.0,239799.0,1
7,1950,1032.0,2403,349.0,244400.0,1
5,1976,1728.0,1728,574.0,150900.0,1
5,1999,992.0,2060,390.0,214000.0,1
3,1977,1440.0,1440,0.0,150000.0,1
4,1967,1632.0,1632,576.0,143000.0,1
6,1958,819.0,1344,525.0,137500.0,1
6,1996,1088.0,1869,456.0,124900.0,1
6,1959,1144.0,1144,796.0,143000.0,1
5,2003,1616.0,1629,808.0,270000.0,1
5,2002,936.0,1776,474.0,192500.0,1
7,2006,1161.0,1381,676.0,197500.0,1
8,2002,864.0,864,720.0,129000.0,1
5,1965,828.0,965,300.0,119900.0,1
8,2003,768.0,768,396.0,133900.0,1
4,1969,784.0,1968,530.0,172000.0,1
5,1975,945.0,980,0.0,127500.0,1
6,1950,979.0,1958,492.0,145000.0,1
6,1980,561.0,1229,462.0,124000.0,1
5,1962,1057.0,1057,576.0,132000.0,1
5,2003,1337.0,1337,531.0,185000.0,1
5,1999,696.0,1416,484.0,155000.0,1
7,2008,858.0,858,0.0,116500.0,1
7,1995,1330.0,2872,619.0,272000.0,1
6,1976,804.0,1548,440.0,155000.0,1
5,2007,1800.0,1800,702.0,239000.0,1
5,2003,817.0,1894,510.0,214900.0,1
5,2007,783.0,1484,393.0,178900.0,1
7,1950,728.0,1308,256.0,160000.0,1
7,1955,1098.0,1098,260.0,135000.0,1
6,1950,600.0,968,0.0,37900.0,1
5,1958,588.0,1095,264.0,140000.0,1
4,1950,720.0,1192,0.0,135000.0,1
5,2004,764.0,1626,474.0,173000.0,1
5,1979,918.0,918,264.0,99500.0,1
5,2008,1428.0,1428,480.0,182000.0,1
8,1993,728.0,2019,532.0,167500.0,1
5,2000,673.0,1382,490.0,165000.0,1
7,1958,440.0,869,0.0,85500.0,1
5,2007,1241.0,1241,569.0,199900.0,1
5,1954,894.0,894,400.0,110000.0,1
6,1963,1121.0,1121,480.0,139000.0,1
9,2007,944.0,999,588.0,178400.0,1
5,1999,1225.0,2612,676.0,336000.0,1
5,2007,1266.0,1266,388.0,159895.0,1
5,2002,1128.0,2290,779.0,255900.0,1
5,1977,0.0,1734,539.0,126000.0,1
5,1950,1164.0,1164,240.0,125000.0,1
8,2003,485.0,1635,255.0,117000.0,1
5,2010,1930.0,1940,606.0,395192.0,1
6,1976,848.0,2030,551.0,195000.0,1
5,2006,770.0,1576,614.0,197000.0,1
5,1998,1396.0,2392,870.0,348000.0,1
9,1986,916.0,1742,424.0,168000.0,1
8,1993,822.0,1851,440.0,187000.0,1
5,2006,750.0,1500,564.0,173900.0,1
5,2007,1700.0,1718,786.0,337500.0,1
7,1950,747.0,1230,305.0,121600.0,1
6,1961,1050.0,1050,368.0,136500.0,1
6,1970,1442.0,1442,615.0,185000.0,1
4,1950,1007.0,1077,210.0,91000.0,1
5,2006,1187.0,1208,632.0,206000.0,1
3,1952,0.0,944,528.0,82000.0,1
6,1950,691.0,691,216.0,86000.0,1
5,2006,1574.0,1574,824.0,232000.0,1
6,1976,1680.0,1680,528.0,136905.0,1
5,2006,1346.0,1504,457.0,181000.0,1
8,1977,985.0,985,328.0,149900.0,1
3,1970,1657.0,1657,484.0,163500.0,1
4,1970,546.0,1092,286.0,88000.0,1
5,2005,1710.0,1710,550.0,240000.0,1
5,1950,1008.0,1522,0.0,102000.0,1
5,1950,720.0,1271,312.0,135000.0,1
5,1965,0.0,1664,0.0,100000.0,1
7,1996,602.0,1502,180.0,165000.0,1
4,2006,1022.0,1022,280.0,85000.0,1
5,1950,1082.0,1082,240.0,119200.0,1
6,2001,810.0,1665,528.0,227000.0,1
5,1996,1504.0,1504,478.0,203000.0,1
5,1984,1220.0,1360,565.0,187500.0,1
5,1992,384.0,1472,402.0,160000.0,1
5,2005,1362.0,1506,440.0,213490.0,1
5,2005,1132.0,1132,451.0,176000.0,1
5,2006,1199.0,1220,632.0,194000.0,1
5,1950,912.0,1248,160.0,87000.0,1
5,2006,1346.0,1504,437.0,191000.0,1
6,1976,1565.0,2898,665.0,287000.0,1
5,1972,882.0,882,461.0,112500.0,1
5,1960,1268.0,1264,461.0,167500.0,1
5,2008,1638.0,1646,800.0,293077.0,1
5,1950,768.0,1376,240.0,105000.0,1
7,1972,672.0,1218,264.0,118000.0,1
8,1995,686.0,1928,0.0,160000.0,1
3,1970,824.0,3082,672.0,197000.0,1
7,1993,1338.0,2520,796.0,310000.0,1
5,2002,1654.0,1654,900.0,230000.0,1
7,1950,920.0,954,240.0,119750.0,1
3,1957,0.0,845,290.0,84000.0,1
5,2008,1620.0,1620,912.0,315500.0,1
5,2002,1055.0,2263,905.0,287000.0,1
6,2008,546.0,1344,0.0,97000.0,1
4,1970,630.0,630,286.0,80000.0,1
4,2000,1134.0,1803,484.0,155000.0,1
8,2000,800.0,1632,484.0,173000.0,1
5,2005,1306.0,1306,624.0,196000.0,1
5,1990,1475.0,2329,514.0,262280.0,1
5,1981,2524.0,2524,542.0,278000.0,1
5,1955,0.0,1733,452.0,139600.0,1
5,2006,1992.0,2868,716.0,556581.0,1
5,1995,990.0,990,672.0,145000.0,1
4,2006,0.0,1771,336.0,115000.0,1
7,2006,0.0,930,308.0,84900.0,1
5,2007,1302.0,1302,436.0,176485.0,1
5,2007,1316.0,1316,440.0,200141.0,1
6,1978,816.0,1977,540.0,165000.0,1
6,2002,1216.0,1526,364.0,144500.0,1
5,2002,1065.0,1989,586.0,255000.0,1
5,1976,1193.0,1523,478.0,180000.0,1
5,2005,1364.0,1364,484.0,185850.0,1
6,1994,973.0,1850,467.0,248000.0,1
5,2008,1104.0,2184,836.0,335000.0,1
7,1950,854.0,1991,432.0,220000.0,1
5,2001,1338.0,1338,582.0,213500.0,1
4,1950,894.0,894,1248.0,81000.0,1
5,1950,662.0,2337,560.0,90000.0,1
6,1980,1103.0,1103,440.0,110500.0,1
6,1966,1154.0,1154,480.0,154000.0,1
5,1997,1306.0,2260,533.0,328000.0,1
7,1994,799.0,1571,380.0,178000.0,1
6,1964,780.0,1611,442.0,167900.0,1
4,1973,942.0,2521,576.0,151400.0,1
7,2003,845.0,893,576.0,135000.0,1
5,1956,1048.0,1048,286.0,135000.0,1
6,1968,727.0,1556,441.0,154000.0,1
3,1950,810.0,1456,280.0,91500.0,1
6,1977,690.0,1426,440.0,159500.0,1
5,2006,1240.0,1240,826.0,194000.0,1
6,1984,800.0,1740,240.0,219500.0,1
8,1989,796.0,1466,566.0,170000.0,1
5,1969,1096.0,1096,299.0,138800.0,1
5,2004,848.0,848,420.0,155900.0,1
5,1994,990.0,990,299.0,126000.0,1
7,2004,1258.0,1258,528.0,145000.0,1
5,1963,1040.0,1040,308.0,133000.0,1
5,2002,1459.0,1459,527.0,192000.0,1
6,1964,1251.0,1251,461.0,160000.0,1
5,1996,691.0,1498,409.0,187500.0,1
6,1992,936.0,996,564.0,147000.0,1
5,1973,546.0,1092,286.0,83500.0,1
5,2006,1082.0,1953,1043.0,252000.0,1
5,2004,970.0,1709,380.0,137500.0,1
5,2005,1247.0,1247,550.0,197000.0,1
4,1950,0.0,1040,400.0,92900.0,1
5,2000,600.0,1252,462.0,160000.0,1
5,1950,1181.0,1694,576.0,136500.0,1
8,1998,864.0,1200,884.0,146000.0,1
7,2000,936.0,936,308.0,129000.0,1
5,2006,1314.0,1314,440.0,176432.0,1
7,2006,684.0,1355,0.0,127000.0,1
5,1986,1074.0,1088,461.0,170000.0,1
6,1950,672.0,1324,240.0,128000.0,1
5,1978,1271.0,1601,478.0,157000.0,1
5,1950,290.0,438,246.0,60000.0,1
5,1971,950.0,950,280.0,119500.0,1
7,2002,1010.0,1134,254.0,135000.0,1
6,1959,655.0,1194,539.0,159500.0,1
5,1970,630.0,1302,440.0,106000.0,1
5,1995,1463.0,2622,712.0,325000.0,1
5,1991,910.0,1442,719.0,179900.0,1
5,2006,868.0,2021,422.0,274725.0,1
5,2000,924.0,1690,463.0,181000.0,1
5,2005,1836.0,1836,862.0,280000.0,1
5,1996,773.0,1658,431.0,188000.0,1
6,1976,803.0,1964,483.0,205000.0,1
7,1957,816.0,816,308.0,129900.0,1
7,2006,1008.0,1008,240.0,134500.0,1
7,2000,833.0,833,326.0,117000.0,1
5,2007,1734.0,1734,928.0,318000.0,1
5,2002,408.0,1419,527.0,184100.0,1
7,2003,894.0,894,450.0,130000.0,1
6,1987,533.0,1601,300.0,140000.0,1
5,1959,1040.0,1040,286.0,133700.0,1
5,1950,1012.0,1012,308.0,118400.0,1
5,2006,1552.0,1552,782.0,212900.0,1
3,1956,672.0,960,288.0,112000.0,1
9,2008,698.0,698,0.0,118000.0,1
5,1992,384.0,1482,392.0,163900.0,1
5,1955,1005.0,1005,672.0,115000.0,1
5,2007,1373.0,1555,660.0,174000.0,1
5,2004,1530.0,1530,630.0,259000.0,1
5,2005,847.0,1959,434.0,215000.0,1
5,1980,936.0,936,672.0,140000.0,1
3,1950,1122.0,1981,576.0,135000.0,1
5,1992,974.0,974,0.0,93500.0,1
4,1950,1008.0,2210,205.0,117500.0,1
5,1995,1128.0,2020,466.0,239500.0,1
5,1997,916.0,1600,460.0,169000.0,1
5,1950,960.0,986,180.0,102000.0,1
5,1950,1032.0,1252,288.0,119000.0,1
8,1996,780.0,1020,0.0,94000.0,1
5,1977,1567.0,1567,714.0,196000.0,1
5,1950,915.0,1167,495.0,144000.0,1
7,1951,952.0,952,840.0,139000.0,1
7,1976,780.0,1868,484.0,197500.0,1
5,2007,1466.0,2828,1052.0,424870.0,1
3,1959,1006.0,1006,0.0,80000.0,1
4,1950,672.0,924,280.0,80000.0,1
6,1950,1042.0,1576,225.0,149000.0,1
5,1985,1298.0,1298,403.0,180000.0,1
7,1950,704.0,1564,234.0,174500.0,1
7,1950,572.0,1111,288.0,116900.0,1
9,1988,650.0,1482,324.0,143000.0,1
5,1950,932.0,932,306.0,124000.0,1
4,1959,1466.0,1466,528.0,149900.0,1
7,2004,1073.0,1811,470.0,230000.0,1
8,2007,816.0,816,432.0,120500.0,1
6,1988,864.0,1820,492.0,201800.0,1
8,2004,1437.0,1437,528.0,218000.0,1
8,1999,1219.0,1265,502.0,179900.0,1
5,2008,1314.0,1314,626.0,230000.0,1
5,2008,1580.0,1580,830.0,235128.0,1
6,1974,901.0,1876,540.0,185000.0,1
5,1978,855.0,1456,440.0,146000.0,1
7,2006,1296.0,1640,924.0,224000.0,1
5,1968,894.0,894,450.0,129000.0,1
4,1969,1198.0,1258,400.0,108959.0,1
7,1978,1360.0,1432,588.0,194000.0,1
5,2009,1502.0,1502,644.0,233170.0,1
5,2008,1694.0,1694,776.0,245350.0,1
5,2000,959.0,1671,472.0,173000.0,1
7,1986,1127.0,2108,540.0,235000.0,1
5,1996,1930.0,3627,807.0,625000.0,1
6,1977,1096.0,1118,358.0,171000.0,1
6,1958,1261.0,1261,433.0,163000.0,1
5,2007,625.0,1250,625.0,171900.0,1
6,1994,1598.0,3086,0.0,200500.0,1
8,1950,952.0,2345,360.0,239000.0,1
5,2000,1683.0,2872,541.0,285000.0,1
5,1985,876.0,923,264.0,119500.0,1
8,2004,818.0,1224,210.0,115000.0,1
6,1950,731.0,1343,186.0,154900.0,1
5,1954,0.0,1124,0.0,93000.0,1
5,1991,1216.0,2514,693.0,250000.0,1
5,2008,1600.0,1652,482.0,392500.0,1
5,1996,2396.0,4476,813.0,745000.0,1
6,1950,1120.0,1130,720.0,120000.0,1
4,1963,1572.0,1572,995.0,186700.0,1
7,1950,784.0,1221,392.0,104900.0,1
5,1970,978.0,1699,420.0,95000.0,1
5,1995,1624.0,1624,757.0,262000.0,1
5,2002,831.0,1660,493.0,195000.0,1
5,1999,994.0,1804,442.0,189000.0,1
4,1975,1249.0,1622,1356.0,168000.0,1
5,2000,776.0,1441,492.0,174000.0,1
8,1994,702.0,1472,250.0,125000.0,1
5,1999,1224.0,1224,402.0,165000.0,1
7,1969,663.0,1352,299.0,158000.0,1
5,2005,728.0,1456,400.0,176000.0,1
5,2006,879.0,1863,660.0,219210.0,1
6,1950,815.0,1690,225.0,144000.0,1
5,2001,1212.0,1212,573.0,178000.0,1
5,1979,1051.0,1382,459.0,148000.0,1
5,1970,864.0,864,280.0,116050.0,1
5,1998,866.0,1779,546.0,197900.0,1
8,1997,884.0,1348,216.0,117000.0,1
5,2001,1630.0,1630,451.0,213000.0,1
6,1975,1056.0,1074,495.0,153500.0,1
7,1991,2158.0,2196,701.0,271900.0,1
4,1966,1056.0,1056,384.0,107000.0,1
5,2003,1682.0,1700,544.0,200000.0,1
7,1980,931.0,1283,506.0,140000.0,1
5,2006,1660.0,1660,500.0,290000.0,1
5,1992,1055.0,1845,462.0,189000.0,1
7,2005,559.0,1752,492.0,164000.0,1
6,1950,672.0,672,234.0,113000.0,1
9,2001,648.0,960,364.0,145000.0,1
5,1962,925.0,999,300.0,134500.0,1
5,1966,894.0,894,384.0,125000.0,1
5,1978,0.0,1902,539.0,112000.0,1
5,2009,1300.0,1314,552.0,229456.0,1
5,1950,0.0,912,0.0,80500.0,1
5,1971,672.0,1218,0.0,91500.0,1
5,1964,912.0,912,288.0,115000.0,1
5,1968,952.0,1211,322.0,134000.0,1
6,1950,1040.0,1846,315.0,143000.0,1
3,1951,2136.0,2136,528.0,137900.0,1
5,2005,788.0,1490,388.0,184000.0,1
8,1958,588.0,1138,264.0,145000.0,1
5,2007,894.0,1933,668.0,214000.0,1
8,2008,912.0,912,576.0,147000.0,1
5,2008,1702.0,1702,1052.0,367294.0,1
5,1960,1075.0,1507,404.0,127000.0,1
5,1977,1361.0,2620,600.0,190000.0,1
6,1962,1106.0,1190,540.0,132500.0,1
5,1962,0.0,1224,462.0,101800.0,1
5,1959,1188.0,1188,531.0,142000.0,1
6,1950,940.0,1964,0.0,130000.0,1
5,1950,747.0,1784,180.0,138887.0,1
5,2003,764.0,1626,474.0,175500.0,1
5,2005,847.0,1948,434.0,195000.0,1
5,2005,1141.0,1141,484.0,142500.0,1
5,2006,1476.0,1484,472.0,265900.0,1
5,2003,884.0,1768,543.0,224900.0,1
6,2007,1689.0,1689,954.0,248328.0,1
6,1974,1053.0,1173,528.0,170000.0,1
5,2006,2076.0,2076,850.0,465000.0,1
7,1950,792.0,1517,400.0,230000.0,1
7,2003,585.0,1868,477.0,178000.0,1
5,2006,756.0,1553,615.0,186500.0,1
5,1976,1012.0,1034,888.0,169900.0,1
5,1950,735.0,2058,396.0,129500.0,1
7,1950,876.0,988,276.0,119000.0,1
5,1968,2110.0,2110,522.0,244000.0,1
5,2003,1405.0,1405,478.0,171750.0,1
6,1968,864.0,874,288.0,130000.0,1
7,2003,1192.0,2167,518.0,294000.0,1
5,2004,746.0,1656,397.0,165400.0,1
6,1950,884.0,1367,560.0,127500.0,1
5,1994,1986.0,1987,691.0,301500.0,1
8,1950,864.0,864,0.0,99900.0,1
5,2005,856.0,1166,400.0,190000.0,1
8,1969,1054.0,1054,460.0,151000.0,1
5,1999,841.0,1675,502.0,181000.0,1
6,1956,1050.0,1050,338.0,128900.0,1
5,1989,1104.0,1788,304.0,161500.0,1
6,1950,764.0,1824,520.0,180500.0,1
5,1999,1405.0,1337,511.0,181000.0,1
5,1999,691.0,1452,506.0,183900.0,1
4,1950,925.0,1889,308.0,122000.0,1
5,2009,2002.0,2018,746.0,378500.0,1
9,1997,728.0,3447,1014.0,381000.0,1
5,1958,874.0,1524,315.0,144000.0,1
6,1979,1332.0,1524,586.0,260000.0,1
7,1968,1489.0,1489,462.0,185750.0,1
6,1965,935.0,935,288.0,137000.0,1
7,2006,1019.0,1357,312.0,177000.0,1
6,2003,661.0,1250,552.0,139000.0,1
5,1950,928.0,1920,400.0,137000.0,1
6,1972,723.0,1395,497.0,162000.0,1
5,1976,1680.0,1724,480.0,197900.0,1
5,2002,1128.0,2031,577.0,237000.0,1
4,1950,698.0,1128,528.0,68400.0,1
5,2002,1573.0,1573,544.0,227000.0,1
5,1990,1309.0,1339,484.0,180000.0,1
7,2008,1040.0,1040,484.0,150500.0,1
5,1971,912.0,1824,0.0,139000.0,1
7,1990,804.0,2447,336.0,169000.0,1
6,1950,780.0,1412,280.0,132500.0,1
5,1963,1328.0,1328,528.0,143000.0,1
5,1964,1624.0,1582,390.0,190000.0,1
5,2000,1501.0,1659,499.0,278000.0,1
5,2006,1085.0,1970,753.0,281000.0,1
7,1964,1152.0,1152,484.0,180500.0,1
7,1972,630.0,1302,264.0,119500.0,1
4,1965,994.0,2372,432.0,107500.0,1
5,1976,832.0,1664,528.0,162900.0,1
7,1990,864.0,864,572.0,115000.0,1
5,1968,1052.0,1052,288.0,138500.0,1
6,1963,1120.0,1128,525.0,155000.0,1
5,2006,547.0,1072,525.0,140000.0,1
5,2008,6110.0,5642,1418.0,160000.0,1
7,1994,1246.0,1246,305.0,154000.0,1
5,1999,978.0,1983,490.0,225000.0,1
7,1950,771.0,1494,213.0,177500.0,1
5,1994,1165.0,2526,844.0,290000.0,1
5,2005,1616.0,1616,834.0,232000.0,1
5,2004,976.0,1708,380.0,130000.0,1
5,2007,1652.0,1652,840.0,325000.0,1
5,2006,1368.0,1368,474.0,202500.0,1
5,1995,990.0,990,480.0,138000.0,1
7,2005,924.0,1122,528.0,147000.0,1
5,1991,1278.0,1294,496.0,179200.0,1
8,2002,1902.0,1902,567.0,335000.0,1
5,2007,1274.0,1274,508.0,203000.0,1
5,1990,1453.0,2810,750.0,302000.0,1
5,1999,1393.0,2599,779.0,333168.0,1
6,1954,948.0,948,280.0,119000.0,1
5,1969,952.0,2112,576.0,206900.0,1
5,2008,1622.0,1630,860.0,295493.0,1
5,2007,1352.0,1352,466.0,208900.0,1
5,2002,1753.0,1787,748.0,275000.0,1
5,1954,864.0,948,248.0,111000.0,1
3,1957,1478.0,1478,442.0,156500.0,1
6,1950,0.0,720,287.0,72500.0,1
5,1992,750.0,1923,564.0,190000.0,1
7,1950,420.0,708,0.0,82500.0,1
5,2007,1795.0,1795,895.0,147000.0,1
4,1950,796.0,796,0.0,55000.0,1
6,2006,544.0,774,0.0,79000.0,1
9,2008,816.0,816,264.0,130500.0,1
7,1950,1510.0,2792,520.0,256000.0,1
5,1998,935.0,1632,462.0,176500.0,1
5,2006,1588.0,1588,825.0,227000.0,1
5,1976,911.0,954,576.0,132500.0,1
6,1958,816.0,816,288.0,100000.0,1
6,1995,803.0,1360,297.0,125500.0,1
6,1970,765.0,1365,440.0,125000.0,1
5,1977,1350.0,1334,630.0,167900.0,1
5,1973,1656.0,1656,506.0,135000.0,1
4,1950,693.0,693,0.0,52500.0,1
5,2002,916.0,1861,492.0,200000.0,1
7,1972,864.0,864,288.0,128500.0,1
5,1971,858.0,872,480.0,123000.0,1
5,2004,1114.0,1114,576.0,155000.0,1
5,2002,1284.0,2169,647.0,228500.0,1
6,1950,896.0,1913,342.0,177000.0,1
5,2006,728.0,1456,440.0,155835.0,1
4,1950,960.0,960,308.0,108500.0,1
7,2003,1568.0,2156,508.0,262500.0,1
5,2007,1732.0,1776,712.0,283463.0,1
5,1998,1482.0,1494,514.0,215000.0,1
5,1987,684.0,2358,0.0,122000.0,1
5,1969,1248.0,2634,968.0,200000.0,1
6,1962,858.0,1716,490.0,171000.0,1
9,2000,698.0,1176,624.0,134900.0,1
5,1996,2033.0,3238,666.0,410000.0,1
5,2000,992.0,1865,839.0,235000.0,1
6,1992,570.0,1920,487.0,170000.0,1
5,1966,864.0,892,264.0,110000.0,1
6,2008,1078.0,1078,500.0,149900.0,1
5,2000,756.0,1573,440.0,177500.0,1
5,2005,1980.0,1980,770.0,315000.0,1
6,1998,612.0,2601,621.0,189000.0,1
5,2005,1530.0,1530,430.0,260000.0,1
4,2007,715.0,1738,368.0,104900.0,1
5,2007,616.0,1412,432.0,156932.0,1
5,2005,600.0,1200,480.0,144152.0,1
5,2000,814.0,1674,663.0,216000.0,1
5,1999,873.0,1790,588.0,193000.0,1
6,1977,757.0,1475,336.0,127000.0,1
5,2004,848.0,848,420.0,144000.0,1
5,2003,1657.0,1668,502.0,232000.0,1
6,1950,840.0,1374,338.0,105000.0,1
6,1996,992.0,1661,377.0,165500.0,1
6,1998,1108.0,2097,583.0,274300.0,1
5,2002,2633.0,2633,804.0,466500.0,1
5,2005,1026.0,1958,936.0,250000.0,1
5,2007,1571.0,1571,722.0,239000.0,1
5,1950,768.0,790,160.0,91000.0,1
5,1960,984.0,1604,660.0,117000.0,1
5,1973,483.0,987,264.0,83000.0,1
5,2007,384.0,1394,400.0,167500.0,1
3,1950,864.0,864,200.0,58500.0,1
7,1970,1205.0,2117,550.0,237500.0,1
7,1950,596.0,1762,576.0,157000.0,1
7,2007,816.0,1416,576.0,112000.0,1
5,1950,560.0,1258,280.0,105000.0,1
8,2007,796.0,1154,240.0,125500.0,1
5,1978,1392.0,2784,564.0,250000.0,1
7,1950,714.0,2526,216.0,136000.0,1
5,2007,1746.0,1746,758.0,377500.0,1
6,1950,735.0,1218,440.0,131000.0,1
5,2000,1525.0,1525,541.0,235000.0,1
5,1967,1584.0,1584,792.0,124000.0,1
5,1967,864.0,900,288.0,123000.0,1
7,2000,482.0,1912,672.0,163000.0,1
5,2006,1356.0,1500,648.0,246578.0,1
5,2006,1094.0,2482,642.0,281213.0,1
5,1950,747.0,1687,572.0,160000.0,1
8,2004,939.0,1513,180.0,137500.0,1
4,1982,1208.0,1904,240.0,138000.0,1
6,1990,976.0,1608,216.0,137450.0,1
7,1950,862.0,1158,208.0,120000.0,1
5,2004,839.0,1593,398.0,193000.0,1
5,2006,1286.0,1294,662.0,193879.0,1
5,2007,1485.0,1464,754.0,282922.0,1
4,1950,672.0,1214,936.0,105000.0,1
5,2005,1594.0,1646,482.0,275000.0,1
7,2007,768.0,768,396.0,133000.0,1
5,1985,833.0,833,0.0,112000.0,1
7,1950,622.0,1363,528.0,125500.0,1
6,1991,791.0,2093,542.0,215000.0,1
5,2001,944.0,1840,622.0,230000.0,1
8,2005,856.0,1668,271.0,140000.0,1
5,1950,0.0,1040,420.0,90000.0,1
5,2006,1844.0,1844,620.0,257000.0,1
7,2000,833.0,1848,370.0,207000.0,1
5,2007,1386.0,1569,660.0,175900.0,1
6,1950,777.0,2290,560.0,122500.0,1
5,1998,1284.0,2450,1069.0,340000.0,1
5,1963,1144.0,1144,336.0,124000.0,1
5,1969,1844.0,1844,540.0,223000.0,1
6,1968,708.0,1416,776.0,179900.0,1
5,1977,1069.0,1069,440.0,127500.0,1
5,2003,848.0,848,420.0,136500.0,1
7,1966,697.0,2201,432.0,274970.0,1
5,1983,1024.0,1344,484.0,144000.0,1
6,1959,1252.0,1252,528.0,142000.0,1
5,1994,1223.0,2127,525.0,271000.0,1
6,1950,913.0,1558,288.0,140000.0,1
7,1992,788.0,804,240.0,119000.0,1
7,1981,1440.0,1440,467.0,182900.0,1
5,2005,732.0,1838,372.0,192140.0,1
6,1976,958.0,958,440.0,143750.0,1
6,2007,656.0,968,216.0,64500.0,1
5,2000,936.0,1792,451.0,186500.0,1
5,1977,1126.0,1126,484.0,160000.0,1
9,2005,1319.0,1537,462.0,174000.0,1
6,1971,864.0,864,528.0,120500.0,1
5,2008,1932.0,1932,774.0,394617.0,1
7,1996,912.0,1236,923.0,149700.0,1
6,1979,539.0,1725,550.0,197000.0,1
7,1994,588.0,2555,672.0,191000.0,1
5,2004,848.0,848,420.0,149300.0,1
5,2008,1017.0,2007,812.0,310000.0,1
6,1950,952.0,952,192.0,121000.0,1
5,2004,1422.0,1422,626.0,179600.0,1
5,1966,814.0,913,240.0,129000.0,1
7,1962,1188.0,1188,312.0,157900.0,1
5,1996,1220.0,2090,556.0,240000.0,1
7,2000,560.0,1346,384.0,112000.0,1
7,1970,630.0,630,0.0,92000.0,1
5,1974,896.0,1792,0.0,136000.0,1
5,2009,1573.0,1578,840.0,287090.0,1
5,2005,547.0,1072,525.0,145000.0,1
5,2006,1140.0,1140,0.0,84500.0,1
5,2005,1221.0,1221,400.0,185000.0,1
5,2000,953.0,1647,460.0,175000.0,1
6,1988,1542.0,2073,500.0,210000.0,1
9,2006,1152.0,2340,252.0,266500.0,1
6,1996,1078.0,1078,240.0,142125.0,1
6,1965,1256.0,1256,276.0,147500.0,1
6,1961,882.0,896,730.0,,0
6,1958,1329.0,1329,312.0,,0
5,1998,928.0,1629,482.0,,0
6,1998,926.0,1604,470.0,,0
5,1992,1280.0,1280,506.0,,0
5,1994,763.0,1655,440.0,,0
7,2007,1168.0,1187,420.0,,0
5,1998,789.0,1465,393.0,,0
5,1990,1300.0,1341,506.0,,0
5,1970,882.0,882,525.0,,0
5,1999,1405.0,1337,511.0,,0
5,1971,483.0,987,264.0,,0
5,1971,525.0,1092,320.0,,0
6,1975,855.0,1456,440.0,,0
6,1975,836.0,836,308.0,,0
5,2010,1590.0,2334,751.0,,0
5,2010,1544.0,1544,868.0,,0
5,2005,1698.0,1698,730.0,,0
5,2006,1822.0,1822,678.0,,0
5,2004,2846.0,2696,958.0,,0
5,2002,1671.0,2250,756.0,,0
5,2006,1370.0,1370,484.0,,0
5,2005,1324.0,1324,430.0,,0
5,2006,1145.0,1145,437.0,,0
5,2004,384.0,1374,400.0,,0
5,2004,847.0,1733,433.0,,0
5,1998,1629.0,2475,962.0,,0
5,2006,1595.0,1595,880.0,,0
5,2010,1218.0,1218,676.0,,0
5,2005,1468.0,1468,528.0,,0
5,2004,831.0,1659,484.0,,0
5,1950,816.0,1012,429.0,,0
6,2002,1208.0,1494,461.0,,0
5,1993,1231.0,2349,762.0,,0
5,1993,1390.0,2225,713.0,,0
5,2005,1488.0,1488,506.0,,0
5,2004,840.0,1680,588.0,,0
5,2004,600.0,1200,480.0,,0
5,2005,600.0,1200,480.0,,0
5,2005,600.0,1236,480.0,,0
5,2000,756.0,1512,440.0,,0
5,2003,530.0,1080,496.0,,0
5,2010,1642.0,1418,852.0,,0
5,2000,975.0,1848,592.0,,0
5,2002,1492.0,1492,596.0,,0
6,1967,1829.0,1829,535.0,,0
5,1993,1280.0,2495,660.0,,0
5,1978,1224.0,1891,678.0,,0
6,1971,715.0,1645,441.0,,0
5,1966,1232.0,1232,490.0,,0
5,1966,1209.0,1209,504.0,,0
6,1967,1510.0,1510,517.0,,0
5,1964,533.0,1775,480.0,,0
6,2001,1728.0,1728,0.0,,0
7,2002,1140.0,2461,400.0,,0
6,1950,782.0,1556,470.0,,0
8,2008,1080.0,1128,315.0,,0
5,1958,1604.0,1604,576.0,,0
5,2009,1480.0,1480,620.0,,0
5,1959,1143.0,1143,308.0,,0
5,1959,1206.0,1206,312.0,,0
5,1959,1244.0,1580,440.0,,0
5,1956,832.0,1337,263.0,,0
7,1952,864.0,1064,318.0,,0
6,1955,972.0,972,305.0,,0
5,1958,988.0,988,264.0,,0
7,1994,576.0,985,676.0,,0
8,2004,816.0,1224,280.0,,0
6,1960,1175.0,1175,484.0,,0
7,1984,1395.0,1395,440.0,,0
5,1954,709.0,1844,240.0,,0
7,1950,936.0,936,0.0,,0
7,1957,1347.0,1347,551.0,,0
7,2000,827.0,1251,240.0,,0
7,2009,1027.0,1633,240.0,,0
6,1962,1008.0,1245,315.0,,0
2,1970,678.0,832,780.0,,0
9,2003,930.0,1566,288.0,,0
9,2002,346.0,2268,624.0,,0
3,1950,840.0,2256,0.0,,0
7,1994,738.0,1470,624.0,,0
6,1997,988.0,1612,363.0,,0
7,2005,1108.0,2068,315.0,,0
7,1950,765.0,765,200.0,,0
7,1950,608.0,1132,240.0,,0
6,1950,572.0,1196,576.0,,0
6,1950,835.0,1453,240.0,,0
7,1950,780.0,1416,312.0,,0
7,1980,528.0,1040,624.0,,0
5,1950,928.0,1536,480.0,,0
5,1950,1124.0,1068,288.0,,0
5,1950,888.0,1962,572.0,,0
8,2009,780.0,1560,0.0,,0
8,1993,662.0,1324,180.0,,0
5,1959,1422.0,1675,365.0,,0
3,1950,689.0,1224,180.0,,0
4,1950,1212.0,1392,0.0,,0
5,1950,600.0,919,231.0,,0
1,1950,707.0,1884,0.0,,0
7,1950,856.0,1680,450.0,,0
3,1967,1832.0,1832,0.0,,0
7,2008,864.0,892,416.0,,0
5,1968,864.0,864,280.0,,0
5,1978,1319.0,1373,591.0,,0
5,1968,720.0,1440,480.0,,0
7,2001,1420.0,1483,690.0,,0
4,1950,660.0,756,440.0,,0
5,1992,1117.0,1981,522.0,,0
4,1990,972.0,1610,480.0,,0
7,1987,663.0,1074,467.0,,0
6,1979,756.0,1531,209.0,,0
7,1998,1172.0,1172,366.0,,0
5,2010,1508.0,1508,572.0,,0
3,1964,1250.0,1298,504.0,,0
5,1987,1433.0,1433,528.0,,0
7,1993,946.0,1802,1017.0,,0
5,2010,1222.0,1222,615.0,,0
8,1993,676.0,1445,484.0,,0
5,1996,870.0,965,580.0,,0
5,1998,878.0,1692,513.0,,0
8,2004,1026.0,1026,308.0,,0
6,1972,876.0,876,484.0,,0
5,2003,1978.0,1978,850.0,,0
5,1997,1040.0,2098,621.0,,0
5,2003,848.0,848,420.0,,0
6,2007,0.0,640,240.0,,0
6,1954,381.0,992,319.0,,0
6,1968,1196.0,1196,336.0,,0
5,1950,744.0,1120,480.0,,0
6,1975,1008.0,1096,352.0,,0
5,1958,960.0,960,0.0,,0
6,1999,1107.0,1296,260.0,,0
6,1950,856.0,856,399.0,,0
6,1967,0.0,2650,0.0,,0
2,1950,894.0,1666,0.0,,0
6,1985,1528.0,2133,312.0,,0
6,1991,1032.0,2177,484.0,,0
6,2007,423.0,1652,473.0,,0
6,1989,982.0,1034,598.0,,0
5,1989,1191.0,1191,531.0,,0
5,1950,480.0,540,200.0,,0
5,1975,629.0,1107,625.0,,0
7,1950,756.0,952,330.0,,0
5,2005,1594.0,1646,525.0,,0
5,1999,1049.0,1916,741.0,,0
7,1977,1243.0,1285,473.0,,0
5,1976,1958.0,2048,776.0,,0
5,2008,1336.0,1346,660.0,,0
5,2010,1214.0,1214,520.0,,0
5,2007,384.0,1444,400.0,,0
5,1977,1068.0,1264,528.0,,0
5,2005,1430.0,1430,624.0,,0
5,1999,1344.0,1344,686.0,,0
6,1973,945.0,945,253.0,,0
7,1970,546.0,1092,0.0,,0
4,1970,546.0,1092,0.0,,0
6,1972,546.0,1092,286.0,,0
7,2004,864.0,874,352.0,,0
7,1984,833.0,833,495.0,,0
2,1986,1216.0,2432,616.0,,0
5,1991,624.0,1274,576.0,,0
5,1969,864.0,1479,275.0,,0
5,1995,1679.0,1803,482.0,,0
5,1994,1152.0,1797,616.0,,0
5,1956,882.0,882,502.0,,0
5,1974,1434.0,1434,528.0,,0
5,1997,945.0,1608,470.0,,0
5,2003,1008.0,2283,632.0,,0
5,1997,384.0,1628,390.0,,0
5,2005,2208.0,2522,564.0,,0
5,1998,1418.0,1478,495.0,,0
5,1996,1587.0,1734,528.0,,0
5,1998,384.0,1382,396.0,,0
5,1999,952.0,1636,440.0,,0
5,1995,707.0,1516,409.0,,0
5,1993,1181.0,1190,430.0,,0
6,1977,1122.0,1934,567.0,,0
6,1978,832.0,2050,529.0,,0
6,1986,1427.0,1671,484.0,,0
7,1991,1043.0,2673,441.0,,0
5,1998,1140.0,1707,479.0,,0
5,2003,926.0,1884,581.0,,0
5,2001,1058.0,1874,588.0,,0
5,2002,972.0,1811,565.0,,0
7,1975,1621.0,1621,478.0,,0
6,1974,1116.0,1116,528.0,,0
5,1975,1176.0,1193,506.0,,0
5,1970,1180.0,1180,477.0,,0
7,1971,1043.0,1050,336.0,,0
6,1970,864.0,864,576.0,,0
7,2006,864.0,864,576.0,,0
5,1973,483.0,987,264.0,,0
6,1972,483.0,987,288.0,,0
5,1976,804.0,1548,440.0,,0
5,1975,1057.0,1055,440.0,,0
5,1977,855.0,1456,440.0,,0
5,1978,804.0,1548,440.0,,0
5,1978,855.0,1456,440.0,,0
6,1976,836.0,836,345.0,,0
7,2004,864.0,1120,656.0,,0
5,2007,1776.0,2772,754.0,,0
5,2009,1365.0,2690,864.0,,0
5,2008,2020.0,2020,896.0,,0
5,2007,2630.0,2674,762.0,,0
5,2008,1736.0,1736,834.0,,0
5,2005,1782.0,1782,932.0,,0
5,2007,1508.0,2520,640.0,,0
5,2008,1739.0,1743,927.0,,0
5,2006,1504.0,1531,700.0,,0
5,2008,1774.0,1808,850.0,,0
5,2004,1760.0,1760,583.0,,0
5,2003,2452.0,2452,886.0,,0
5,2004,1082.0,2400,730.0,,0
5,2006,1598.0,1606,871.0,,0
5,2005,1358.0,1358,484.0,,0
5,2005,1306.0,1306,624.0,,0
5,2008,1350.0,1358,484.0,,0
5,2005,2492.0,2492,949.0,,0
5,2004,2200.0,2200,685.0,,0
5,2009,1884.0,1884,649.0,,0
5,2008,1451.0,1456,539.0,,0
5,2003,1712.0,1712,701.0,,0
5,2003,1405.0,1405,478.0,,0
5,2005,728.0,1456,390.0,,0
5,2006,745.0,1490,392.0,,0
5,2006,1220.0,1220,397.0,,0
5,2005,384.0,1374,400.0,,0
5,2005,868.0,1630,436.0,,0
5,2004,846.0,1594,434.0,,0
5,2003,782.0,1489,400.0,,0
5,2003,698.0,1342,393.0,,0
5,2002,870.0,2004,644.0,,0
5,2004,384.0,1374,400.0,,0
5,2000,794.0,1514,394.0,,0
5,2000,384.0,1430,400.0,,0
5,1999,1177.0,2312,658.0,,0
6,1999,384.0,1430,410.0,,0
5,2000,1455.0,2687,810.0,,0
5,1995,2024.0,2063,815.0,,0
5,1996,1070.0,2061,647.0,,0
5,1994,1173.0,2232,623.0,,0
5,2008,1696.0,1696,972.0,,0
5,2008,1614.0,1658,726.0,,0
5,2007,1702.0,1702,844.0,,0
5,2006,1422.0,1432,492.0,,0
5,2006,2458.0,2490,795.0,,0
5,2009,1436.0,1436,529.0,,0
5,2008,1402.0,1402,625.0,,0
5,2008,1530.0,1530,984.0,,0
5,2007,1372.0,1448,692.0,,0
5,2006,900.0,1795,782.0,,0
5,2009,1836.0,1836,517.0,,0
5,2007,1652.0,1662,711.0,,0
5,2004,1553.0,1553,588.0,,0
5,2003,812.0,1653,628.0,,0
6,2007,1218.0,1218,576.0,,0
5,2006,1141.0,1141,484.0,,0
5,2004,1158.0,1158,0.0,,0
5,2004,835.0,1812,478.0,,0
5,2004,1512.0,1512,845.0,,0
5,2005,1114.0,1114,576.0,,0
5,2004,1114.0,1114,0.0,,0
5,2004,1114.0,1114,576.0,,0
5,2009,1450.0,1450,788.0,,0
5,1997,913.0,2122,559.0,,0
6,1992,816.0,1730,528.0,,0
5,1991,1332.0,1332,542.0,,0
5,1994,754.0,1540,495.0,,0
7,1986,676.0,1400,465.0,,0
7,1981,0.0,1882,612.0,,0
5,1962,980.0,980,400.0,,0
6,1961,864.0,864,732.0,,0
5,1961,864.0,864,440.0,,0
5,1965,1024.0,1020,288.0,,0
8,1995,912.0,912,300.0,,0
6,1962,912.0,912,252.0,,0
8,1980,2014.0,2014,864.0,,0
8,2008,975.0,1755,524.0,,0
5,2005,1376.0,3005,704.0,,0
5,2008,1726.0,1726,561.0,,0
5,2008,1145.0,1256,641.0,,0
5,2000,756.0,1512,440.0,,0
5,1999,691.0,1452,506.0,,0
9,2008,1694.0,1694,642.0,,0
5,1981,1740.0,1740,540.0,,0
5,1976,392.0,2499,527.0,,0
6,1974,752.0,2067,784.0,,0
7,1997,932.0,2640,515.0,,0
5,1969,1288.0,1336,502.0,,0
5,1969,1216.0,1216,336.0,,0
7,1992,908.0,2288,520.0,,0
6,1967,864.0,864,312.0,,0
5,1967,1568.0,1568,440.0,,0
5,1974,1165.0,2061,498.0,,0
5,1971,1232.0,1320,495.0,,0
7,1960,894.0,894,396.0,,0
7,1959,864.0,864,308.0,,0
5,1957,1040.0,1362,768.0,,0
6,1956,1048.0,1728,576.0,,0
6,1995,1313.0,1313,610.0,,0
5,1964,1292.0,1292,520.0,,0
6,1965,744.0,2140,549.0,,0
6,1961,1208.0,1576,368.0,,0
5,1955,960.0,960,330.0,,0
5,1967,1680.0,1691,550.0,,0
6,1961,1453.0,1453,530.0,,0
8,2008,1562.0,1567,542.0,,0
7,1956,1169.0,1144,286.0,,0
6,1960,1329.0,1329,441.0,,0
8,1998,988.0,988,297.0,,0
5,1956,1202.0,1202,304.0,,0
5,1955,1382.0,1382,350.0,,0
5,1956,1200.0,1200,294.0,,0
4,1958,1866.0,1866,495.0,,0
7,1954,1062.0,1062,297.0,,0
5,1951,631.0,1112,480.0,,0
6,1950,793.0,793,240.0,,0
8,2005,1031.0,1031,230.0,,0
5,1953,0.0,1210,616.0,,0
7,1999,699.0,1527,410.0,,0
6,1950,1200.0,1200,246.0,,0
5,1958,792.0,792,366.0,,0
7,2006,676.0,1352,720.0,,0
8,2003,405.0,1039,281.0,,0
7,1950,1054.0,1078,264.0,,0
5,1950,1313.0,2377,528.0,,0
9,2008,560.0,1690,624.0,,0
5,1950,416.0,599,0.0,,0
7,1950,720.0,846,576.0,,0
5,1998,630.0,725,320.0,,0
5,1969,1248.0,2544,907.0,,0
7,1963,1380.0,1380,364.0,,0
4,1967,1040.0,1040,480.0,,0
9,2007,951.0,951,480.0,,0
6,1957,1105.0,1105,308.0,,0
6,1958,160.0,1142,384.0,,0
5,1950,795.0,1133,900.0,,0
6,1958,1041.0,1041,294.0,,0
7,1952,732.0,732,240.0,,0
5,1959,528.0,1183,288.0,,0
7,1996,832.0,1461,384.0,,0
7,1994,864.0,1495,576.0,,0
5,1964,780.0,1806,483.0,,0
7,1978,941.0,941,564.0,,0
6,1963,1045.0,1045,264.0,,0
8,1998,901.0,1378,162.0,,0
5,1950,972.0,1944,324.0,,0
8,2003,240.0,1306,472.0,,0
8,2002,504.0,1464,0.0,,0
6,1950,690.0,1558,400.0,,0
6,1950,600.0,1701,0.0,,0
5,1950,801.0,1447,0.0,,0
7,1970,768.0,1328,308.0,,0
6,1950,861.0,861,288.0,,0
4,1950,0.0,612,308.0,,0
8,1950,624.0,792,287.0,,0
4,1950,677.0,1510,720.0,,0
7,1950,917.0,2007,357.0,,0
7,2007,624.0,1288,280.0,,0
3,1950,624.0,816,0.0,,0
6,1950,972.0,1480,207.0,,0
7,2002,741.0,1521,640.0,,0
3,1950,245.0,797,0.0,,0
6,1950,1022.0,1432,216.0,,0
7,1982,297.0,1654,336.0,,0
5,1950,468.0,1142,320.0,,0
6,1999,960.0,995,264.0,,0
6,1950,952.0,1582,250.0,,0
5,1950,1072.0,1072,1184.0,,0
6,1950,1048.0,1768,576.0,,0
8,1994,672.0,1944,216.0,,0
1,1950,1040.0,2128,0.0,,0
5,1950,720.0,1930,316.0,,0
7,2002,483.0,1427,379.0,,0
5,2000,1020.0,1864,0.0,,0
6,1950,1204.0,1666,384.0,,0
6,1950,858.0,892,0.0,,0
7,1965,698.0,1403,308.0,,0
9,2001,560.0,704,220.0,,0
5,1988,1200.0,1200,0.0,,0
5,1978,1152.0,1152,252.0,,0
3,1950,585.0,1112,226.0,,0
6,1967,1052.0,1052,668.0,,0
5,1978,456.0,1034,504.0,,0
5,1961,552.0,1774,384.0,,0
5,1960,1138.0,1138,480.0,,0
5,1956,825.0,2071,336.0,,0
2,1950,0.0,660,0.0,,0
5,1954,0.0,1383,498.0,,0
5,1956,1073.0,1073,340.0,,0
7,1950,747.0,1639,240.0,,0
6,1954,1089.0,1089,252.0,,0
5,1984,1049.0,1049,266.0,,0
6,1991,1054.0,1061,462.0,,0
5,1983,520.0,1338,576.0,,0
5,1994,1079.0,1879,473.0,,0
7,2007,0.0,2016,576.0,,0
5,1979,0.0,2228,720.0,,0
5,1979,0.0,1535,400.0,,0
5,1979,1094.0,1229,672.0,,0
5,1979,0.0,1513,400.0,,0
5,2000,1168.0,2787,820.0,,0
5,2000,1168.0,2787,820.0,,0
5,2000,1168.0,2787,820.0,,0
5,2009,1555.0,1680,1138.0,,0
5,2008,1720.0,1720,846.0,,0
5,2008,1468.0,1468,904.0,,0
5,2008,1838.0,1838,524.0,,0
5,2007,1282.0,1290,662.0,,0
5,2008,1254.0,1254,810.0,,0
5,2006,1498.0,1498,844.0,,0
5,2006,704.0,1422,440.0,,0
5,1993,1449.0,1759,525.0,,0
7,1994,990.0,990,440.0,,0
5,1998,1463.0,1463,539.0,,0
5,1998,928.0,1772,492.0,,0
5,2002,1431.0,1444,577.0,,0
5,2001,1492.0,1492,608.0,,0
5,1978,907.0,907,343.0,,0
7,1979,914.0,914,444.0,,0
5,2002,1569.0,1611,1231.0,,0
5,2003,1068.0,2184,570.0,,0
5,2002,840.0,1725,550.0,,0
5,2001,944.0,1870,608.0,,0
5,2000,1462.0,1513,521.0,,0
5,2003,1822.0,1828,523.0,,0
5,1998,1417.0,1417,511.0,,0
5,2007,1578.0,1602,810.0,,0
5,2007,608.0,1396,440.0,,0
6,1971,1014.0,1149,544.0,,0
5,2006,547.0,1072,525.0,,0
5,1959,876.0,876,320.0,,0
5,1950,1078.0,1368,195.0,,0
5,1959,1678.0,1678,0.0,,0
5,1956,1150.0,1560,313.0,,0
6,1950,720.0,1298,256.0,,0
4,1950,832.0,1268,250.0,,0
6,1950,583.0,1242,180.0,,0
8,2000,816.0,1232,440.0,,0
8,1990,600.0,1228,215.0,,0
6,1950,840.0,1567,440.0,,0
4,1960,1273.0,1273,307.0,,0
6,1950,920.0,2480,400.0,,0
6,1954,1112.0,1112,390.0,,0
6,1960,1561.0,1561,463.0,,0
7,2005,1067.0,1523,295.0,,0
5,1954,1310.0,1906,576.0,,0
6,1980,516.0,1032,452.0,,0
6,1992,561.0,1229,462.0,,0
6,1980,561.0,1229,462.0,,0
6,1986,572.0,1982,501.0,,0
9,2009,1803.0,2365,551.0,,0
6,1993,760.0,2168,576.0,,0
6,1950,572.0,572,200.0,,0
5,2008,1596.0,1648,482.0,,0
4,1950,0.0,810,280.0,,0
5,2001,1107.0,2052,642.0,,0
6,1977,902.0,926,351.0,,0
7,1977,957.0,1287,541.0,,0
5,1991,1582.0,1595,672.0,,0
5,2008,2190.0,2036,780.0,,0
5,2008,1641.0,1641,885.0,,0
8,2006,712.0,2237,440.0,,0
5,1989,1645.0,1479,578.0,,0
5,2003,912.0,2014,486.0,,0
5,2007,1978.0,1978,920.0,,0
7,1968,1008.0,1008,384.0,,0
5,2000,1188.0,1404,504.0,,0
8,1972,796.0,796,336.0,,0
5,1996,384.0,1091,429.0,,0
6,1993,828.0,883,698.0,,0
5,1992,624.0,1287,440.0,,0
7,1969,784.0,1632,898.0,,0
5,1998,926.0,1604,470.0,,0
5,1996,680.0,1470,420.0,,0
5,1998,926.0,1604,472.0,,0
5,1996,916.0,1636,386.0,,0
5,1997,1348.0,1384,404.0,,0
5,1997,1664.0,1682,528.0,,0
5,1992,1280.0,1280,506.0,,0
5,1998,932.0,1633,460.0,,0
5,1991,836.0,1709,416.0,,0
5,1989,1337.0,1337,462.0,,0
5,2005,1168.0,2500,683.0,,0
5,2004,1884.0,1884,670.0,,0
2,1952,1632.0,1474,495.0,,0
5,2007,1710.0,1710,557.0,,0
5,1950,1488.0,1488,738.0,,0
6,1988,1675.0,1688,528.0,,0
7,1983,1260.0,1260,598.0,,0
5,1978,2048.0,2064,550.0,,0
5,1979,1782.0,1782,551.0,,0
5,1976,1211.0,1211,461.0,,0
6,1988,738.0,2044,489.0,,0
6,1969,720.0,1308,484.0,,0
7,1978,1420.0,2840,1314.0,,0
5,1976,1444.0,1444,473.0,,0
5,1996,1236.0,2340,787.0,,0
5,1974,896.0,1792,480.0,,0
6,1969,936.0,936,288.0,,0
5,1971,864.0,864,576.0,,0
5,1973,483.0,987,264.0,,0
6,1972,483.0,987,352.0,,0
5,1972,630.0,1302,264.0,,0
6,1975,855.0,1456,460.0,,0
6,1977,1055.0,1055,440.0,,0
5,2007,1582.0,1582,905.0,,0
5,2007,2418.0,2464,650.0,,0
5,2007,1950.0,1950,706.0,,0
5,2006,1850.0,2748,850.0,,0
5,2006,1620.0,2790,1150.0,,0
5,2005,1414.0,2331,1003.0,,0
5,2007,948.0,2088,656.0,,0
5,2004,1148.0,2332,756.0,,0
5,2003,2535.0,2470,789.0,,0
5,2004,1603.0,1575,732.0,,0
5,2002,1479.0,2649,746.0,,0
5,2003,1765.0,2690,795.0,,0
5,2008,1858.0,1866,870.0,,0
5,2005,1367.0,1367,484.0,,0
5,2008,1800.0,1800,944.0,,0
5,2007,1342.0,1342,550.0,,0
5,2007,1342.0,1342,550.0,,0
5,2004,764.0,1626,474.0,,0
5,2003,1415.0,1455,644.0,,0
5,2004,1393.0,1576,668.0,,0
5,2008,1146.0,1246,428.0,,0
5,2004,789.0,1515,393.0,,0
5,2003,840.0,1720,400.0,,0
5,2003,847.0,1986,434.0,,0
6,2008,1350.0,1358,484.0,,0
5,2001,982.0,1892,431.0,,0
5,2002,707.0,1414,403.0,,0
5,2000,1037.0,2322,400.0,,0
5,1999,831.0,1651,450.0,,0
5,1997,1173.0,2199,516.0,,0
5,2000,1519.0,2172,687.0,,0
5,1998,1982.0,2006,938.0,,0
5,1997,1064.0,2125,576.0,,0
7,1995,1242.0,2501,751.0,,0
5,1994,1080.0,2197,783.0,,0
5,2006,1578.0,1578,642.0,,0
5,2007,1341.0,1861,851.0,,0
5,2008,955.0,1874,880.0,,0
5,2007,1460.0,1460,480.0,,0
5,2008,1363.0,1372,588.0,,0
5,2007,1660.0,1660,660.0,,0
5,2008,1218.0,1218,462.0,,0
5,2003,835.0,1696,542.0,,0
5,2004,835.0,1663,478.0,,0
5,2006,1175.0,1175,0.0,,0
5,2007,1162.0,1162,483.0,,0
5,1995,754.0,1609,525.0,,0
5,1994,886.0,1680,474.0,,0
5,1995,832.0,1657,483.0,,0
5,2001,827.0,1677,627.0,,0
5,1992,836.0,1737,506.0,,0
5,1963,984.0,984,384.0,,0
8,2007,864.0,864,420.0,,0
5,1968,890.0,890,308.0,,0
5,1963,864.0,864,276.0,,0
5,1974,1430.0,1430,484.0,,0
4,1972,1001.0,1641,490.0,,0
5,1991,930.0,2683,473.0,,0
5,1994,1848.0,2786,636.0,,0
5,2005,1235.0,1245,495.0,,0
5,2005,600.0,1200,480.0,,0
5,2007,689.0,1392,540.0,,0
5,1999,744.0,1549,440.0,,0
5,2000,1614.0,1638,495.0,,0
5,2001,1310.0,1310,545.0,,0
5,2001,1419.0,1419,588.0,,0
5,2000,1557.0,1557,484.0,,0
5,2000,672.0,1404,462.0,,0
5,2001,858.0,1789,546.0,,0
5,1999,960.0,1586,480.0,,0
5,2000,960.0,1607,480.0,,0
5,1999,970.0,2393,846.0,,0
5,1995,1230.0,1239,477.0,,0
3,1977,994.0,2944,864.0,,0
9,2007,1426.0,1671,550.0,,0
5,2002,952.0,1812,469.0,,0
6,1969,1427.0,1427,516.0,,0
5,1968,1740.0,1740,512.0,,0
7,1967,1620.0,1620,578.0,,0
6,1965,1625.0,1625,484.0,,0
6,1968,732.0,1464,470.0,,0
7,2005,912.0,925,576.0,,0
5,1965,1728.0,1728,576.0,,0
6,1971,825.0,1670,464.0,,0
5,1956,0.0,1014,267.0,,0
5,1961,1114.0,1114,451.0,,0
7,2000,1118.0,1118,264.0,,0
7,1950,348.0,906,231.0,,0
6,1960,1296.0,1496,450.0,,0
8,2006,572.0,1337,264.0,,0
5,1953,1036.0,1036,312.0,,0
7,1999,1104.0,1988,480.0,,0
4,1957,1176.0,1176,292.0,,0
7,1998,1248.0,1440,480.0,,0
6,1958,1395.0,1570,441.0,,0
5,1958,1104.0,1104,384.0,,0
6,1952,720.0,882,240.0,,0
6,1953,1152.0,1152,636.0,,0
5,1953,984.0,950,400.0,,0
5,1957,998.0,1790,540.0,,0
3,1982,0.0,1764,301.0,,0
5,1957,1824.0,1824,484.0,,0
6,1950,0.0,869,390.0,,0
8,1950,747.0,1159,288.0,,0
7,2005,672.0,672,308.0,,0
5,1950,892.0,1436,1488.0,,0
6,1968,912.0,1044,372.0,,0
7,2001,1312.0,1312,495.0,,0
6,1993,1081.0,1081,401.0,,0
7,1951,876.0,876,576.0,,0
6,1959,1256.0,1256,311.0,,0
5,1962,1027.0,1027,299.0,,0
6,1950,768.0,1320,576.0,,0
7,1954,936.0,984,280.0,,0
5,1954,854.0,1278,240.0,,0
5,1961,1800.0,1800,0.0,,0
6,1967,768.0,1588,480.0,,0
7,1954,825.0,825,350.0,,0
5,1963,1117.0,1117,264.0,,0
5,2008,192.0,1133,308.0,,0
7,2005,780.0,1323,400.0,,0
5,2003,680.0,1360,330.0,,0
4,1950,672.0,672,256.0,,0
7,2005,728.0,1456,308.0,,0
6,1996,828.0,1594,0.0,,0
6,1985,801.0,1656,440.0,,0
5,1950,936.0,1740,225.0,,0
6,2006,931.0,1027,0.0,,0
6,1950,884.0,1436,828.0,,0
6,1950,481.0,899,200.0,,0
9,1996,684.0,1080,0.0,,0
6,1950,904.0,1499,869.0,,0
5,1950,407.0,407,297.0,,0
1,1992,448.0,1588,0.0,,0
5,2006,797.0,1627,420.0,,0
8,1965,624.0,1450,288.0,,0
7,2003,346.0,1017,308.0,,0
5,1960,973.0,2350,393.0,,0
9,2005,572.0,1540,0.0,,0
1,1950,723.0,1086,400.0,,0
7,1999,1313.0,2495,342.0,,0
6,1959,984.0,984,308.0,,0
6,2006,869.0,1093,308.0,,0
7,1983,1008.0,1143,288.0,,0
7,1950,672.0,1668,252.0,,0
5,1950,1024.0,1738,240.0,,0
7,2006,672.0,1210,240.0,,0
9,2000,554.0,1290,200.0,,0
7,1989,981.0,1672,240.0,,0
7,2003,949.0,949,370.0,,0
7,2000,825.0,1497,672.0,,0
5,1950,739.0,1342,240.0,,0
7,1950,992.0,1013,160.0,,0
7,1997,565.0,1216,355.0,,0
7,1950,989.5,896,280.0,,0
7,1950,704.0,1136,336.0,,0
6,1995,0.0,808,164.0,,0
5,1950,989.0,2009,400.0,,0
5,1950,1100.0,1902,576.0,,0
4,2004,810.0,1716,672.0,,0
8,1983,1242.0,1984,360.0,,0
8,1950,796.0,1609,228.0,,0
6,1950,768.0,768,440.0,,0
6,1952,768.0,1536,308.0,,0
6,1958,1272.0,1969,400.0,,0
6,1978,880.0,1308,400.0,,0
7,1992,1040.0,1040,320.0,,0
6,1950,768.0,1236,384.0,,0
8,1991,451.0,759,576.0,,0
3,1950,536.0,1344,0.0,,0
6,1993,1046.0,1054,240.0,,0
6,1963,981.0,1075,440.0,,0
5,1978,1008.0,1096,484.0,,0
7,2005,992.0,992,294.0,,0
8,1978,450.0,1034,504.0,,0
5,1967,1073.0,1073,270.0,,0
5,1984,1060.0,1126,506.0,,0
4,1950,1300.0,1140,400.0,,0
8,2003,960.0,960,300.0,,0
8,1956,988.0,1188,621.0,,0
3,1960,988.0,1721,626.0,,0
7,1973,576.0,1350,627.0,,0
8,1970,864.0,904,912.0,,0
6,1979,1524.0,1524,478.0,,0
5,1950,570.0,1079,249.0,,0
7,2007,1580.0,1518,0.0,,0
6,1956,1509.0,1509,322.0,,0
5,1975,864.0,864,0.0,,0
8,2001,621.0,1269,280.0,,0
5,2002,1077.0,2814,614.0,,0
5,1994,1602.0,1626,534.0,,0
5,1994,812.0,2200,453.0,,0
5,1996,672.0,2037,472.0,,0
5,2007,628.0,1356,484.0,,0
5,2007,1615.0,1615,864.0,,0
5,2008,2271.0,2276,1348.0,,0
5,2008,1751.0,1766,874.0,,0
5,1995,1401.0,1511,811.0,,0
6,1966,1182.0,1643,438.0,,0
7,1994,990.0,990,528.0,,0
5,1998,1418.0,1418,558.0,,0
5,1997,864.0,1771,600.0,,0
5,2000,782.0,1652,532.0,,0
5,2001,928.0,1823,626.0,,0
6,1978,864.0,1174,528.0,,0
6,1975,1076.0,1076,576.0,,0
6,2001,864.0,1558,440.0,,0
5,2001,1257.0,2161,570.0,,0
5,2002,1357.0,1947,725.0,,0
5,2003,1778.0,1786,715.0,,0
5,2003,1129.0,2327,596.0,,0
5,2000,850.0,1764,560.0,,0
5,2004,848.0,848,420.0,,0
5,1998,1838.0,1838,721.0,,0
5,2004,1445.0,1445,470.0,,0
6,2007,1564.0,1564,814.0,,0
5,2007,1351.0,1361,610.0,,0
5,1966,1092.0,1092,264.0,,0
5,1976,456.0,1033,504.0,,0
6,1976,1127.0,1127,480.0,,0
6,1977,1029.0,1117,542.0,,0
7,2001,684.0,1398,440.0,,0
7,1996,0.0,3820,624.0,,0
5,1955,0.0,1152,0.0,,0
5,1955,0.0,1152,0.0,,0
5,1955,784.0,784,0.0,,0
7,2007,585.0,1053,0.0,,0
8,1993,0.0,1137,0.0,,0
5,1953,911.0,930,286.0,,0
6,1954,416.0,1204,312.0,,0
7,2008,949.0,1292,205.0,,0
8,1950,1228.0,1424,312.0,,0
7,1950,960.0,1920,480.0,,0
6,1950,644.0,1316,369.0,,0
6,1995,676.0,1264,400.0,,0
9,1997,798.0,1512,180.0,,0
3,1950,784.0,1603,599.0,,0
6,1995,942.0,1938,240.0,,0
4,1950,884.0,1374,225.0,,0
5,1951,1091.0,1091,344.0,,0
6,1950,608.0,1873,786.0,,0
9,2000,832.0,2161,506.0,,0
5,1956,1898.0,1898,484.0,,0
6,1980,516.0,1032,462.0,,0
8,1998,894.0,919,195.0,,0
8,2006,720.0,1090,240.0,,0
7,1950,780.0,1200,0.0,,0
5,1967,624.0,1656,288.0,,0
7,1995,520.0,912,360.0,,0
5,1958,1151.0,1955,356.0,,0
5,1952,0.0,733,487.0,,0
7,1950,173.0,1361,185.0,,0
7,2000,356.0,1049,195.0,,0
6,1950,592.0,864,216.0,,0
5,2008,1596.0,1648,525.0,,0
5,2005,1594.0,1646,482.0,,0
5,1997,1840.0,2032,786.0,,0
5,1997,910.0,1820,816.0,,0
4,1976,0.0,1872,484.0,,0
5,1991,1680.0,1689,432.0,,0
6,1986,1277.0,1501,512.0,,0
5,2007,1518.0,1537,788.0,,0
5,2007,920.0,1780,612.0,,0
5,2007,352.0,1442,400.0,,0
5,2008,796.0,1612,666.0,,0
5,1989,1495.0,1495,438.0,,0
5,1986,1256.0,1256,578.0,,0
5,2003,1432.0,1440,467.0,,0
5,2000,1666.0,1675,435.0,,0
5,2007,1884.0,1728,520.0,,0
5,2006,1964.0,1964,892.0,,0
5,1998,1344.0,1344,784.0,,0
5,2008,1092.0,1092,0.0,,0
5,1997,1189.0,1189,392.0,,0
5,1964,1200.0,1200,850.0,,0
6,1975,1040.0,1040,499.0,,0
7,1976,550.0,1475,336.0,,0
7,2006,526.0,988,297.0,,0
6,1973,462.0,988,297.0,,0
6,1968,1113.0,1160,257.0,,0
9,2007,546.0,1092,0.0,,0
7,1983,816.0,816,264.0,,0
6,2005,845.0,845,264.0,,0
6,1984,864.0,889,484.0,,0
1,1950,686.0,1836,288.0,,0
6,1971,1587.0,1587,525.0,,0
5,1997,384.0,1384,390.0,,0
5,1994,392.0,1694,398.0,,0
5,2000,923.0,1714,451.0,,0
5,1996,691.0,1553,420.0,,0
5,2003,938.0,2299,482.0,,0
5,1993,1168.0,1187,420.0,,0
5,1994,903.0,1642,392.0,,0
6,1964,1302.0,1128,480.0,,0
5,1988,1166.0,1179,480.0,,0
5,1990,1312.0,1321,484.0,,0
5,2005,1149.0,2541,729.0,,0
5,2007,2660.0,2338,1110.0,,0
5,1990,1100.0,1424,828.0,,0
5,2006,1612.0,1612,556.0,,0
5,2006,2220.0,2234,724.0,,0
5,2007,1742.0,2042,724.0,,0
5,1984,1284.0,1284,480.0,,0
7,2003,725.0,1479,484.0,,0
6,1985,1529.0,1664,663.0,,0
5,1979,780.0,1930,481.0,,0
6,1984,1153.0,1177,495.0,,0
5,1999,1259.0,1353,478.0,,0
5,1971,1625.0,1220,944.0,,0
6,1976,1228.0,1324,585.0,,0
6,1974,1084.0,1877,488.0,,0
6,1990,925.0,1422,576.0,,0
5,2002,914.0,914,368.0,,0
7,1961,914.0,914,270.0,,0
5,2001,1337.0,1337,511.0,,0
5,1998,1405.0,1337,522.0,,0
6,1973,525.0,1092,264.0,,0
5,1973,672.0,1218,264.0,,0
7,1978,1061.0,1055,319.0,,0
6,1966,988.0,988,360.0,,0
5,2007,1790.0,1816,730.0,,0
5,2007,1694.0,1694,856.0,,0
5,2007,2108.0,2122,938.0,,0
5,2007,1934.0,2656,1040.0,,0
5,2007,1108.0,2550,670.0,,0
5,2006,1994.0,2046,878.0,,0
5,2007,2552.0,2552,932.0,,0
5,2006,1704.0,2758,814.0,,0
5,2007,2320.0,2290,1174.0,,0
5,2008,1582.0,2152,728.0,,0
5,2007,918.0,2100,786.0,,0
5,2006,1802.0,1802,843.0,,0
5,2004,1706.0,2956,916.0,,0
5,2003,1317.0,2385,818.0,,0
5,2007,895.0,1818,774.0,,0
5,2006,1614.0,1614,878.0,,0
5,2005,1721.0,1721,554.0,,0
5,2007,1298.0,1828,876.0,,0
5,2006,1302.0,1302,631.0,,0
5,2006,1302.0,1302,631.0,,0
5,2006,1362.0,1362,460.0,,0
5,2006,1554.0,1554,627.0,,0
5,2005,1577.0,1577,564.0,,0
5,2006,1324.0,1324,550.0,,0
5,2003,1405.0,1405,478.0,,0
5,2007,768.0,1496,572.0,,0
5,2006,768.0,1536,400.0,,0
5,2007,608.0,1458,454.0,,0
5,2006,738.0,1495,440.0,,0
5,2007,698.0,1746,350.0,,0
5,2005,1326.0,1326,388.0,,0
5,2007,752.0,1504,440.0,,0
5,2007,728.0,1456,400.0,,0
6,2007,1246.0,1258,462.0,,0
5,2003,1406.0,1589,630.0,,0
5,2007,1266.0,1266,388.0,,0
5,2005,835.0,1119,437.0,,0
5,2004,384.0,1374,400.0,,0
5,2006,1510.0,1525,534.0,,0
5,2003,384.0,1394,400.0,,0
5,2003,847.0,1948,434.0,,0
5,2002,854.0,1995,435.0,,0
5,2000,915.0,1690,442.0,,0
5,2000,941.0,1644,460.0,,0
5,1998,1779.0,2551,925.0,,0
5,1998,1408.0,3078,806.0,,0
5,1999,1389.0,2582,758.0,,0
5,1998,1066.0,2385,600.0,,0
5,1993,1105.0,2202,517.0,,0
5,1997,1325.0,2538,933.0,,0
6,2007,1369.0,1369,605.0,,0
5,2007,1542.0,1542,852.0,,0
5,2006,1524.0,1534,484.0,,0
5,2007,1966.0,1966,1092.0,,0
5,2007,1528.0,1528,480.0,,0
5,2005,1538.0,1538,484.0,,0
5,2006,1494.0,1506,672.0,,0
5,2006,982.0,1977,574.0,,0
5,2006,1302.0,1830,859.0,,0
5,2007,1338.0,1338,598.0,,0
5,2007,1335.0,1335,575.0,,0
5,2007,896.0,1792,590.0,,0
5,2007,725.0,1588,561.0,,0
5,2007,955.0,1880,880.0,,0
5,2007,1574.0,1584,594.0,,0
5,2006,1685.0,1685,658.0,,0
5,2004,1158.0,2443,744.0,,0
5,2007,1100.0,1100,0.0,,0
5,2006,1143.0,1143,0.0,,0
5,2004,1094.0,1094,576.0,,0
5,2006,1461.0,1486,566.0,,0
5,1997,864.0,1820,492.0,,0
5,1980,630.0,1266,283.0,,0
5,1977,894.0,894,308.0,,0
7,1968,1040.0,1040,686.0,,0
5,1990,1223.0,2503,564.0,,0
5,1974,1037.0,1037,431.0,,0
7,2006,1044.0,1055,542.0,,0
5,2004,1378.0,1378,540.0,,0
5,2007,1141.0,1151,484.0,,0
5,2007,1511.0,1565,476.0,,0
5,2007,1352.0,1352,466.0,,0
5,2007,1550.0,1550,528.0,,0
5,1999,744.0,1501,440.0,,0
5,2000,756.0,1573,440.0,,0
5,2000,1339.0,1358,625.0,,0
5,2004,1054.0,2048,552.0,,0
5,1998,1220.0,2362,1105.0,,0
5,1995,1494.0,1494,478.0,,0
6,1980,2002.0,2362,546.0,,0
5,1981,2461.0,2497,676.0,,0
6,1968,912.0,1152,412.0,,0
6,1970,1008.0,2411,570.0,,0
6,1969,973.0,1082,480.0,,0
5,1968,1295.0,1295,528.0,,0
7,1987,1124.0,1610,515.0,,0
6,1993,1594.0,1594,472.0,,0
6,1993,1148.0,2075,473.0,,0
7,1966,1093.0,1093,484.0,,0
5,1963,1052.0,1052,311.0,,0
6,1993,949.0,1107,308.0,,0
5,1964,0.0,1224,530.0,,0
5,1956,894.0,1074,396.0,,0
5,1961,864.0,1187,440.0,,0
7,1961,964.0,964,784.0,,0
7,1960,894.0,894,312.0,,0
6,1966,1174.0,1200,440.0,,0
5,1965,1042.0,1042,440.0,,0
7,1997,845.0,2154,539.0,,0
5,1964,1130.0,1374,286.0,,0
7,1991,1592.0,1652,510.0,,0
7,1996,822.0,908,512.0,,0
3,1950,666.0,666,0.0,,0
5,1950,370.0,670,0.0,,0
8,2000,808.0,808,308.0,,0
6,1955,1078.0,1150,288.0,,0
5,1968,1560.0,1560,792.0,,0
6,1966,793.0,1280,432.0,,0
5,1961,1218.0,1254,525.0,,0
7,1999,936.0,936,315.0,,0
6,1956,1008.0,1008,308.0,,0
7,1963,1053.0,1053,692.0,,0
5,1960,1144.0,1144,336.0,,0
6,1969,1331.0,1721,464.0,,0
5,1957,922.0,922,308.0,,0
6,1975,1204.0,1411,310.0,,0
5,1955,1216.0,1216,336.0,,0
9,2006,864.0,1154,336.0,,0
5,1958,1560.0,1560,484.0,,0
6,1952,948.0,948,410.0,,0
7,1953,1040.0,1040,293.0,,0
8,2003,925.0,925,252.0,,0
4,1955,1190.0,1540,352.0,,0
5,1955,923.0,925,390.0,,0
6,1953,1105.0,1647,280.0,,0
5,1952,924.0,924,420.0,,0
7,2006,925.0,1544,0.0,,0
6,2004,1216.0,1728,371.0,,0
4,2007,666.0,3086,1200.0,,0
7,1993,1151.0,1281,580.0,,0
9,1999,736.0,1534,0.0,,0
5,1999,725.0,1651,276.0,,0
7,1961,920.0,888,240.0,,0
6,1968,952.0,952,288.0,,0
3,1950,864.0,1238,357.0,,0
7,2003,1040.0,1040,286.0,,0
6,1958,1170.0,1170,338.0,,0
5,1960,1242.0,1242,324.0,,0
5,1960,1377.0,1377,351.0,,0
6,1961,0.0,925,300.0,,0
5,1962,864.0,864,294.0,,0
5,1962,896.0,936,288.0,,0
7,1980,850.0,960,576.0,,0
6,1950,845.0,1296,576.0,,0
5,1950,1022.0,1022,184.0,,0
6,1990,967.0,967,180.0,,0
8,1950,808.0,1072,379.0,,0
8,2006,680.0,1174,576.0,,0
6,1950,570.0,1141,252.0,,0
8,1950,1075.0,1798,342.0,,0
9,1999,725.0,1772,816.0,,0
6,1950,728.0,1642,374.0,,0
7,1950,616.0,1232,480.0,,0
8,1990,926.0,1650,468.0,,0
7,2005,687.0,1358,336.0,,0
8,1987,819.0,2454,576.0,,0
6,1956,0.0,968,331.0,,0
7,2002,0.0,1382,384.0,,0
7,1994,756.0,1060,308.0,,0
6,1950,910.0,1435,308.0,,0
7,1998,728.0,1274,224.0,,0
6,1950,600.0,1232,217.0,,0
7,1950,884.0,884,240.0,,0
5,1950,861.0,1409,528.0,,0
8,1952,672.0,1322,280.0,,0
7,1992,966.0,1426,230.0,,0
6,1950,756.0,1281,379.0,,0
8,1995,1100.0,2264,408.0,,0
7,1950,768.0,1376,576.0,,0
5,1950,750.0,1316,576.0,,0
6,1990,672.0,1344,456.0,,0
4,1950,592.0,1173,240.0,,0
3,1950,969.0,1214,216.0,,0
6,1963,741.0,2294,658.0,,0
9,2005,976.0,1952,299.0,,0
5,1950,1138.0,2180,720.0,,0
6,1958,808.0,1315,436.0,,0
1,1950,771.0,1484,264.0,,0
8,1980,1005.0,2267,498.0,,0
6,1979,672.0,1282,240.0,,0
5,1963,925.0,999,308.0,,0
5,1980,1420.0,1452,572.0,,0
3,1964,1005.0,1005,440.0,,0
8,2001,980.0,1020,528.0,,0
4,1966,1040.0,1040,264.0,,0
6,1990,768.0,868,576.0,,0
5,1968,876.0,897,264.0,,0
5,1967,943.0,943,528.0,,0
7,1966,912.0,912,315.0,,0
5,1998,1240.0,1375,323.0,,0
4,1996,671.0,2654,638.0,,0
8,1998,680.0,1302,224.0,,0
5,1995,967.0,1299,494.0,,0
6,1998,1158.0,1176,303.0,,0
7,1950,0.0,998,460.0,,0
5,1984,1190.0,1522,552.0,,0
7,2005,409.0,1325,576.0,,0
5,1953,1073.0,1630,649.0,,0
5,1950,484.0,1242,336.0,,0
7,1994,1288.0,2422,527.0,,0
6,1954,988.0,1626,332.0,,0
5,1958,864.0,864,399.0,,0
5,1994,0.0,943,308.0,,0
6,1984,1038.0,1038,264.0,,0
6,1951,1342.0,1342,256.0,,0
6,1994,1080.0,1480,253.0,,0
5,1950,951.0,1362,280.0,,0
5,1984,1105.0,1822,515.0,,0
5,2001,779.0,1958,499.0,,0
5,2007,1643.0,1651,870.0,,0
5,2007,2140.0,2140,894.0,,0
5,2007,1643.0,1651,870.0,,0
5,2006,1546.0,1546,796.0,,0
5,2006,1489.0,1500,674.0,,0
5,2006,1270.0,1270,524.0,,0
5,2006,879.0,1795,578.0,,0
5,1988,929.0,1873,619.0,,0
6,1976,966.0,1743,529.0,,0
5,1994,1022.0,1022,747.0,,0
6,2006,635.0,1308,497.0,,0
7,1994,990.0,990,384.0,,0
5,1996,1097.0,1097,242.0,,0
5,1999,988.0,1873,597.0,,0
5,1999,853.0,1753,534.0,,0
5,2001,845.0,1690,517.0,,0
5,2000,985.0,1842,486.0,,0
5,1974,864.0,894,440.0,,0
5,1976,1015.0,1025,370.0,,0
7,1977,995.0,1009,576.0,,0
5,1977,1040.0,1040,748.0,,0
4,1977,876.0,907,308.0,,0
6,1975,864.0,879,440.0,,0
5,2000,864.0,864,576.0,,0
8,2006,385.0,875,728.0,,0
5,2000,1673.0,1673,583.0,,0
5,2003,979.0,1932,610.0,,0
5,2002,860.0,1729,542.0,,0
5,1995,1556.0,1592,484.0,,0
5,2001,1531.0,2439,560.0,,0
5,2002,860.0,1992,608.0,,0
5,2000,1341.0,1341,482.0,,0
5,2007,738.0,1476,552.0,,0
5,2005,1169.0,1190,578.0,,0
5,2007,1330.0,1330,437.0,,0
5,2006,738.0,1491,484.0,,0
5,2005,768.0,1536,400.0,,0
5,1967,936.0,936,384.0,,0
6,1963,1088.0,1088,520.0,,0
6,1950,901.0,1351,576.0,,0
6,1960,1179.0,1179,622.0,,0
6,1976,960.0,1044,528.0,,0
6,1979,0.0,2233,579.0,,0
5,2006,734.0,1408,489.0,,0
5,2009,5095.0,5095,1154.0,,0
5,2005,547.0,1072,525.0,,0
7,2000,960.0,960,392.0,,0
3,1955,0.0,1152,0.0,,0
6,1950,1195.0,1195,0.0,,0
8,1995,660.0,865,216.0,,0
5,1955,768.0,768,355.0,,0
5,1955,864.0,864,528.0,,0
6,1950,1296.0,2592,0.0,,0
5,1950,1290.0,1422,352.0,,0
7,2005,651.0,1298,240.0,,0
8,1995,531.0,1098,216.0,,0
7,1950,585.0,1436,228.0,,0
8,1991,686.0,1461,225.0,,0
7,1992,851.0,1718,264.0,,0
5,1951,0.0,1226,400.0,,0
6,2003,930.0,1755,231.0,,0
5,1950,728.0,1355,528.0,,0
4,1960,1560.0,1560,580.0,,0
6,1968,1488.0,1488,552.0,,0
6,1980,516.0,1045,462.0,,0
5,1996,1680.0,1680,628.0,,0
5,1988,1004.0,1020,509.0,,0
5,1971,1696.0,1696,625.0,,0
5,1986,279.0,2726,691.0,,0
7,1950,720.0,1215,720.0,,0
7,2003,936.0,1601,0.0,,0
6,1999,859.0,1828,480.0,,0
7,1950,816.0,816,100.0,,0
4,1950,0.0,845,256.0,,0
6,2006,957.0,1991,0.0,,0
6,1980,1073.0,1073,720.0,,0
9,2007,837.0,1001,216.0,,0
5,2007,1573.0,1625,495.0,,0
6,1979,1001.0,1299,486.0,,0
5,2002,1441.0,1392,650.0,,0
5,2002,1409.0,1409,576.0,,0
5,1992,1454.0,1478,506.0,,0
6,1975,852.0,918,360.0,,0
6,1974,970.0,1026,528.0,,0
6,1987,1501.0,1501,512.0,,0
8,1995,585.0,2279,461.0,,0
5,2007,1689.0,1689,433.0,,0
5,2007,1546.0,1564,502.0,,0
7,1985,1265.0,1240,528.0,,0
5,2001,1267.0,1312,471.0,,0
5,2002,1922.0,1922,692.0,,0
5,1996,1491.0,1491,571.0,,0
5,2004,1122.0,2486,452.0,,0
5,2007,1824.0,1824,932.0,,0
5,1953,0.0,2034,1041.0,,0
5,1997,920.0,936,460.0,,0
4,1972,546.0,1092,253.0,,0
5,1970,530.0,992,297.0,,0
6,1970,546.0,1092,0.0,,0
3,1976,546.0,1092,286.0,,0
5,1977,923.0,1008,678.0,,0
6,1977,1244.0,1356,528.0,,0
6,1994,1160.0,1676,672.0,,0
7,1977,716.0,1432,531.0,,0
7,1971,796.0,796,0.0,,0
3,1961,1396.0,1608,444.0,,0
6,2003,1090.0,1178,502.0,,0
7,1983,816.0,816,264.0,,0
6,1984,864.0,887,288.0,,0
5,1954,1178.0,1293,452.0,,0
6,1956,1008.0,1024,313.0,,0
5,1957,1617.0,1797,963.0,,0
6,1957,1705.0,1390,550.0,,0
6,1969,1851.0,1851,506.0,,0
5,1998,813.0,1525,400.0,,0
5,1995,781.0,1671,423.0,,0
5,1996,821.0,1776,443.0,,0
5,2005,1074.0,2064,527.0,,0
5,2006,1700.0,2212,773.0,,0
5,1994,2062.0,2687,618.0,,0
6,1994,1160.0,1169,402.0,,0
5,1987,1191.0,1204,461.0,,0
5,2006,1398.0,2798,670.0,,0
5,2006,1528.0,3390,758.0,,0
5,2006,1094.0,2473,675.0,,0
5,2006,1850.0,2698,736.0,,0
5,2006,1390.0,2795,660.0,,0
5,2005,1714.0,1714,517.0,,0
5,2005,1910.0,2000,722.0,,0
6,1980,988.0,1102,582.0,,0
5,1978,945.0,1857,482.0,,0
5,1976,1047.0,1083,596.0,,0
5,2006,960.0,2318,541.0,,0
6,2000,675.0,1875,485.0,,0
6,1974,1103.0,1103,462.0,,0
4,1971,864.0,874,576.0,,0
5,2002,1487.0,1419,543.0,,0
5,1973,525.0,1092,440.0,,0
6,1973,765.0,1365,440.0,,0
7,1972,494.0,1030,264.0,,0
5,1972,483.0,948,264.0,,0
5,1972,525.0,1092,264.0,,0
5,1975,1069.0,1069,440.0,,0
7,1975,943.0,1387,300.0,,0
7,1976,1055.0,1055,319.0,,0
5,1976,855.0,1456,460.0,,0
5,2006,1738.0,2589,831.0,,0
5,2004,1618.0,1618,880.0,,0
5,2006,1721.0,1740,874.0,,0
5,2005,1868.0,1868,1085.0,,0
5,2006,1090.0,2206,670.0,,0
5,2006,1606.0,2091,521.0,,0
5,2006,1209.0,2253,575.0,,0
5,2006,1054.0,2389,672.0,,0
5,2006,1524.0,2358,784.0,,0
5,2006,1792.0,1792,925.0,,0
5,2005,1780.0,1780,816.0,,0
5,2004,1420.0,1914,746.0,,0
5,2005,1560.0,1565,556.0,,0
5,2006,1686.0,1686,899.0,,0
5,2006,1666.0,1666,575.0,,0
5,2006,728.0,1456,390.0,,0
5,2006,738.0,1492,440.0,,0
5,2006,1326.0,1326,427.0,,0
5,2005,1052.0,2373,632.0,,0
5,2006,738.0,1492,440.0,,0
5,2006,1220.0,1364,437.0,,0
5,2002,1368.0,1511,398.0,,0
5,2004,1365.0,1548,388.0,,0
5,2006,1142.0,1142,440.0,,0
5,2005,848.0,1598,433.0,,0
5,2000,982.0,1889,431.0,,0
5,2006,1035.0,2322,617.0,,0
5,1998,1044.0,1976,885.0,,0
5,2000,1160.0,2234,768.0,,0
5,2000,1540.0,2855,774.0,,0
5,1995,1342.0,2726,725.0,,0
5,1994,1733.0,3500,959.0,,0
5,1995,1290.0,2494,803.0,,0
5,1993,1286.0,2799,704.0,,0
5,2006,1100.0,1964,760.0,,0
5,2006,1670.0,1670,928.0,,0
5,2006,1504.0,1504,510.0,,0
5,2006,1278.0,1278,584.0,,0
5,2006,2036.0,2640,792.0,,0
5,2005,858.0,1716,615.0,,0
5,2005,1142.0,1142,0.0,,0
5,2006,1400.0,1400,612.0,,0
5,2006,1131.0,1131,0.0,,0
5,2005,891.0,1686,462.0,,0
5,2005,784.0,1585,449.0,,0
5,1998,941.0,1837,688.0,,0
5,1993,836.0,1731,462.0,,0
5,1991,1398.0,1398,542.0,,0
5,1991,1217.0,1217,484.0,,0
5,1994,636.0,1320,472.0,,0
4,1962,988.0,988,624.0,,0
6,1977,0.0,1654,528.0,,0
6,2002,864.0,1211,576.0,,0
5,1965,984.0,984,310.0,,0
6,1968,882.0,909,294.0,,0
6,1963,925.0,925,484.0,,0
6,1965,1024.0,1024,308.0,,0
6,1964,912.0,912,0.0,,0
6,1967,912.0,941,288.0,,0
4,1974,1748.0,2646,550.0,,0
5,1993,1334.0,2826,888.0,,0
5,2004,1143.0,1143,588.0,,0
5,2005,600.0,1223,480.0,,0
5,2000,756.0,1524,440.0,,0
5,2003,530.0,1080,496.0,,0
5,1998,569.0,1694,434.0,,0
5,2002,1568.0,1568,564.0,,0
6,1972,1153.0,1193,501.0,,0
6,1967,1334.0,1334,477.0,,0
5,1968,1051.0,1051,504.0,,0
5,1968,900.0,1770,530.0,,0
7,2004,976.0,976,504.0,,0
6,1968,833.0,898,326.0,,0
5,1966,1051.0,1051,264.0,,0
7,1967,1141.0,1141,568.0,,0
7,2000,1187.0,1565,299.0,,0
6,1964,1008.0,1488,430.0,,0
6,1964,720.0,1440,480.0,,0
7,1960,1248.0,1248,286.0,,0
8,1950,816.0,816,240.0,,0
7,1950,938.0,1043,273.0,,0
6,1990,1251.0,1433,441.0,,0
6,1952,1444.0,1624,240.0,,0
5,1951,1056.0,1216,280.0,,0
6,1973,704.0,1728,234.0,,0
6,1975,936.0,936,240.0,,0
5,1967,1584.0,1584,506.0,,0
5,1964,1246.0,1246,441.0,,0
7,1963,1008.0,1008,430.0,,0
5,1957,1179.0,1364,331.0,,0
6,1958,1121.0,1336,488.0,,0
6,1956,1058.0,1370,300.0,,0
6,1994,1124.0,1124,353.0,,0
8,2000,1050.0,1050,286.0,,0
6,2003,1008.0,1008,280.0,,0
6,1951,216.0,1575,400.0,,0
7,1956,301.0,1145,684.0,,0
5,1956,1005.0,1005,319.0,,0
6,1955,1056.0,1056,300.0,,0
6,1991,884.0,884,270.0,,0
5,1963,929.0,2039,791.0,,0
5,2001,1015.0,1384,896.0,,0
5,1975,2171.0,2640,1008.0,,0
6,1950,784.0,1312,649.0,,0
8,2001,713.0,713,371.0,,0
3,1950,715.0,715,660.0,,0
8,1998,448.0,720,280.0,,0
8,1950,663.0,1595,528.0,,0
4,1950,1077.0,1760,648.0,,0
5,1963,1083.0,1146,294.0,,0
5,1985,1135.0,1207,264.0,,0
6,1992,1313.0,1773,418.0,,0
5,1959,0.0,1472,484.0,,0
8,1998,1438.0,2448,441.0,,0
6,1950,910.0,1521,597.0,,0
4,1950,0.0,1040,400.0,,0
5,1960,1556.0,1556,0.0,,0
4,1961,1150.0,1150,288.0,,0
6,1962,1045.0,1045,528.0,,0
6,1962,864.0,864,336.0,,0
5,1962,1025.0,1025,0.0,,0
8,2005,716.0,2014,624.0,,0
6,1950,1212.0,1668,240.0,,0
6,1980,1147.0,1657,162.0,,0
8,2004,780.0,1416,400.0,,0
7,1970,712.0,1428,576.0,,0
8,1950,502.0,1004,200.0,,0
6,1950,938.0,1951,576.0,,0
5,1950,1032.0,1032,280.0,,0
7,1950,844.0,844,216.0,,0
5,1950,576.0,864,528.0,,0
5,1950,738.0,1376,216.0,,0
7,1955,960.0,960,576.0,,0
7,1950,816.0,1566,450.0,,0
5,1950,492.0,492,200.0,,0
7,1950,770.0,1182,378.0,,0
4,1950,798.0,840,250.0,,0
6,2005,1226.0,2104,432.0,,0
7,1950,624.0,1248,0.0,,0
5,1958,960.0,960,624.0,,0
3,1950,1020.0,1020,0.0,,0
7,1996,848.0,1827,240.0,,0
5,1950,728.0,1162,258.0,,0
7,1984,741.0,1324,180.0,,0
5,1950,816.0,816,210.0,,0
5,1962,1595.0,2486,576.0,,0
5,1950,596.0,1430,370.0,,0
8,2004,396.0,1330,390.0,,0
4,1950,610.0,819,0.0,,0
6,1950,984.0,984,308.0,,0
5,1951,806.0,1422,288.0,,0
5,1964,1921.0,1921,576.0,,0
5,1950,0.0,1640,394.0,,0
7,1950,0.0,1032,260.0,,0
3,1950,830.0,879,180.0,,0
5,2004,1073.0,1073,246.0,,0
6,1967,1064.0,1064,528.0,,0
7,1964,912.0,934,336.0,,0
6,1966,1059.0,1059,286.0,,0
5,1967,1176.0,1458,512.0,,0
6,1978,960.0,1040,616.0,,0
4,1977,1967.0,1967,580.0,,0
4,1977,1949.0,1949,586.0,,0
5,1950,872.0,872,322.0,,0
6,1967,1865.0,1830,521.0,,0
6,1963,1000.0,1000,575.0,,0
7,1972,782.0,810,576.0,,0
5,1981,430.0,1700,450.0,,0
5,1954,967.0,1350,504.0,,0
5,1950,799.0,1150,215.0,,0
7,1950,672.0,2009,795.0,,0
8,1990,1836.0,3672,836.0,,0
5,1962,1776.0,1560,528.0,,0
6,2002,0.0,1488,569.0,,0
8,1999,1057.0,1057,288.0,,0
5,1953,1000.0,1609,305.0,,0
4,1989,868.0,2559,506.0,,0
8,1993,1344.0,1440,920.0,,0
5,2006,1308.0,1876,848.0,,0
5,2005,1208.0,1208,632.0,,0
5,2006,1836.0,1846,495.0,,0
5,2006,1570.0,1590,754.0,,0
5,2006,945.0,1809,638.0,,0
5,2005,1614.0,1614,576.0,,0
5,2005,784.0,1596,610.0,,0
5,1968,1388.0,1388,522.0,,0
6,1996,1100.0,1100,462.0,,0
5,1995,781.0,1499,473.0,,0
5,1998,1425.0,1425,591.0,,0
5,1999,842.0,1749,515.0,,0
5,2000,951.0,1779,586.0,,0
6,1977,675.0,1388,317.0,,0
6,1978,995.0,1282,672.0,,0
8,1972,864.0,864,297.0,,0
5,2002,826.0,1762,591.0,,0
5,1999,840.0,1755,530.0,,0
5,2002,1348.0,1358,418.0,,0
5,2002,872.0,1909,529.0,,0
5,1999,1090.0,2214,646.0,,0
5,1997,1065.0,2049,467.0,,0
5,1998,1054.0,1939,555.0,,0
5,1996,930.0,1995,610.0,,0
5,2003,848.0,848,420.0,,0
5,2003,1390.0,1390,545.0,,0
5,2006,851.0,1737,578.0,,0
5,2005,784.0,1611,572.0,,0
5,2006,1336.0,1336,502.0,,0
6,2000,676.0,1436,528.0,,0
5,1975,976.0,1012,0.0,,0
4,1969,1176.0,1176,360.0,,0
5,2004,796.0,1724,616.0,,0
5,2002,914.0,914,0.0,,0
5,2005,1150.0,2314,502.0,,0
5,2006,547.0,1072,525.0,,0
5,2004,970.0,1709,380.0,,0
7,1950,624.0,936,265.0,,0
3,1950,832.0,1338,528.0,,0
5,1950,1093.0,1669,288.0,,0
4,1968,954.0,1482,609.0,,0
4,1950,864.0,1414,0.0,,0
3,1955,498.0,498,216.0,,0
7,1993,616.0,1273,275.0,,0
5,1950,1058.0,1551,240.0,,0
6,1950,780.0,1340,440.0,,0
8,1997,624.0,1479,312.0,,0
8,1950,755.0,1510,216.0,,0
8,1950,818.0,1636,288.0,,0
5,1950,992.0,1465,240.0,,0
4,1950,824.0,1288,240.0,,0
5,1950,817.0,1550,318.0,,0
6,1950,901.0,1717,410.0,,0
7,1950,1022.0,1671,451.0,,0
7,1990,637.0,1609,579.0,,0
7,1959,697.0,1801,365.0,,0
7,1963,1168.0,2315,342.0,,0
6,1950,976.0,976,215.0,,0
7,1950,861.0,1285,506.0,,0
4,1950,432.0,672,0.0,,0
6,1950,641.0,641,272.0,,0
5,1957,967.0,1638,384.0,,0
5,1950,0.0,729,0.0,,0
6,1951,660.0,1396,0.0,,0
5,1950,216.0,936,0.0,,0
5,2006,1573.0,1778,495.0,,0
5,2005,1594.0,1646,525.0,,0
6,1979,1625.0,1625,576.0,,0
5,1978,1664.0,1664,616.0,,0
5,2001,1491.0,1491,490.0,,0
6,1975,1128.0,1210,528.0,,0
5,1958,1632.0,1650,518.0,,0
5,2000,1381.0,1403,470.0,,0
5,2006,1728.0,1960,714.0,,0
5,2006,1838.0,1838,682.0,,0
3,1951,0.0,1600,270.0,,0
5,1997,1288.0,1368,784.0,,0
6,1977,264.0,1304,336.0,,0
7,2003,864.0,874,288.0,,0
5,1970,1652.0,1652,928.0,,0
6,1970,630.0,630,0.0,,0
4,1972,546.0,1092,253.0,,0
5,1979,1104.0,1360,336.0,,0
5,1970,546.0,1092,286.0,,0
5,1970,546.0,1092,0.0,,0
7,1970,546.0,1092,0.0,,0
5,1970,546.0,1092,286.0,,0
7,1996,1224.0,1224,576.0,,0
5,1992,912.0,970,0.0,,0
5,1994,996.0,2000,650.0,,0
